"cena campestre (relevo)","M-0001"
"Globo terrestre","M-0002"
"tinteiro","M-0003"
"incensário","M-0004"
"figura masculina com animal","M-0005"
"recipiente","M-0006"
"Recipiente","M-0007"
"guerreiro","M-0008"
"Amazona","M-0009"
"Amazona","M-0010"
"Nossa Senhora Divina Pastora","M-0011"
"São João evangelista","M-0012"
"mesa lateral semi-circular","M-0013"
"mesa de centro","M-0014"
"mesa lateral semi-circular","M-0015"
"Cadeira","M-0016"
"Cadeira","M-0017"
"Mesa-secretária","M-0018"
"a penitência de São Cristóvão","M-0019"
"Peitoral / colar","M-0020"
"Virgem com Menino (madonna da pêra)","M-0021"
"Lieven Van Coppenol","M-0022"
"nu masculino sentado","M-0023"
"Cristo e as mulheres de Samara","M-0024"
"negra deitada","M-0025"
"palma de parede","M-0026"
"Palma de parede","M-0027"
"instrumentos para lareira","M-0028"
" Suporte para lenha - chenet","M-0029"
" Suporte para lenha - chenet","M-0030"
"sofá","M-0031"
"Poltrona","M-0032"
"poltrona","M-0033"
"Virgem com Menino","M-0034"
"São jerônimo","M-0035"
"Anjo em adoração","M-0036"
"Anjo em adoração","M-0037"
"Nossa Senhora da Conceição","M-0038"
"Nossa Senhora da Conceição","M-0039"
"Anjo (?)","M-0040"
"anjo custódio","M-0041"
"vIRGEM COM mENINO","M-0042"
"Nossa Senhora das Dores","M-0043"
"Cabeça de São Francisco de Assis.","M-0044"
"Sant'ana Mestra","M-0045"
"Sant'ana mestra","M-0046"
"sant'ana mestra","M-0047"
"santa Luzia","M-0048"
"Santa (?)","M-0049"
"nossa senhora da assunção","M-0050"
"caixa para faqueiro","M-0051"
"armário","M-0052"
"mesa","M-0053"
"Santa (?)","M-0054"
"mesa de estrado","M-0055"
"travessa ","M-0056"
"travessa","M-0057"
"travessa","M-0058"
"prato","M-0059"
"prato","M-0060"
"lanterna de procissão","M-0061"
"lanterna de procissão","M-0062"
"travessa","M-0063"
"sopeira","M-0064"
"sopeira","M-0065"
"Frontão","M-0066"
"virgem santíssima","M-0067"
"Virgem Santíssima (?) ","M-0068"
"divina pastora","M-0069"
"molheira em forma de peixe com presentoir","M-0070"
"molheira em forma de peixe com presentoir","M-0071"
"sopeira com presentoir","M-0072"
"cadeira","M-0073"
"cadeira","M-0074"
"bandeja","M-0075"
"tocheiro ","M-0076"
"tocheiro","M-0077"
"cadeira de braços","M-0078"
"tocheiro","M-0079"
"remate de sanefa","M-0080"
"remate de sanefa","M-0081"
"incensário","M-0082"
"galo","M-0083"
"bule","M-0084"
"Buda da felicidade","M-0085"
"recipiente","M-0086"
"recipiente","M-0087"
"incensário","M-0088"
"Vaso com flores","M-0089"
"relevo","M-0090"
"relevo","M-0091"
"buda da felicidade com atendente","M-0092"
"recipiente","M-0093"
"Músico","M-0094"
"bule","M-0095"
"bule","M-0096"
"figura masculinacom criança","M-0097"
"incensário","M-0098"
"Vaso com flores","M-0099"
"console","M-0100"
"Console","M-0101"
"banqueta","M-0102"
"banqueta","M-0103"
"jarra","M-0104"
"caixa","M-0105"
"tocheiro","M-0106"
"tocheiro","M-0107"
"São Miguel Arcanjo","M-0108"
"cálice","M-0109"
"console","M-0110"
"Oratório","M-0111"
"console","M-0112"
"console","M-0113"
"cadeiral","M-0114"
"relicário de parede","M-0115"
"relicário de parede","M-0116"
"cofre relicário","M-0117"
"sant'ana mestra","M-0118"
"coroação da virgem (relevo)","M-0119"
"Virgem com Menino","M-0120"
"almofariz com triturador","M-0121"
"almofariz com triturador","M-0122"
"almofariz","M-0123"
"sant'ana mestra","M-0124"
"Sant'Ana Mestra","M-0125"
"conjunto de medidores para ouro","M-0126"
"balaustrada","M-0127"
"relógio de mesa","M-0128"
"figura feminina","M-0129"
"Figura masculina","M-0130"
"Console","M-0131"
"cabeça de Buda","M-0132"
"banqueta","M-0133"
"fragmento de talha","M-0134"
"prato","M-0135"
"candelabro","M-0136"
"candelabro","M-0137"
"vaso","M-0138"
"relógio ","M-0139"
"budade tríade amida","M-0140"
"atendentede tríade amida","M-0141"
"atendentede tríade amida","M-0142"
"mesa","M-0143"
"mesa ","M-0144"
"mesa ","M-0145"
"mesa ","M-0146"
"jarrão","M-0147"
"jarrão","M-0148"
"biombo","M-0149"
"figura de guardião - lokapala","M-0150"
"figura de guardião - lokapala","M-0151"
"Vaso","M-0152"
"figura de personagem estrangeiro","M-0153"
"banqueta","M-0154"
"Virgem com menino","M-0155"
"bandeja","M-0156"
"arca / cassone","M-0157"
"contador","M-0158"
"cadeira de braços","M-0159"
"coluna","M-0160"
"coluna","M-0161"
"cadeira infantil","M-0162"
"floreira de parede","M-0163"
"suporte de vaso","M-0164"
"caixa","M-0165"
"sacra de parede","M-0166"
"sacra de parede","M-0167"
"candelabro","M-0168"
"candelabro","M-0169"
"console","M-0170"
"console","M-0171"
"espelho de parede","M-0172"
"espelho de parede","M-0173"
"Contador","M-0174"
"Lambri","M-0175"
"lambri","M-0176"
"potiche","M-0177"
"potiche","M-0178"
"pote","M-0179"
"Prato","M-0180"
"castiçal","M-0181"
"saleiro","M-0182"
"vaso","M-0183"
"meia-cômoda","M-0184"
"banqueta","M-0185"
"porta-garrafa","M-0186"
"porta-garrafa","M-0187"
"conjunto de mesas","M-0188"
"relógio de mesa","M-0189"
"mesa de encostar","M-0190"
"cadeira","M-0191"
"cadeira","M-0192"
"Moldura","M-0193"
"arca","M-0194"
"figura funcionário real","M-0195"
"Cama","M-0196"
"meia-Cômoda","M-0197"
"aplique","M-0198"
"aplique","M-0199"
"jarra","M-0200"
"bule","M-0201"
"bule","M-0202"
"Busto de Voltaire","M-0203"
"virgem com menino","M-0204"
"Deus taoísta da longevidade (SHOU lao)","M-0205"
"cofre (?)","M-0206"
"abajur","M-0207"
"abajur","M-0208"
"copo","M-0209"
"vaso","M-0210"
"vaso","M-0211"
"deus taoísta da longevidade","M-0212"
"pano de mesa","M-0213"
"pano de mesa","M-0214"
"mesa de encostar","M-0215"
"Relevo","M-0216"
"Espelho de parede","M-0217"
"relevo","M-0218"
"relevo","M-0219"
"sombrinha","M-0220"
"incensário","M-0221"
"divindade Taoísta","M-0222"
"frasco","M-0223"
"frasco","M-0224"
"divindades hindus (relevo)","M-0225"
"frasco para rapé","M-0226"
"Figura de imortal","M-0227"
"frasco para rapé","M-0228"
"arandela","M-0229"
"arandela","M-0230"
"relógio carrilhão","M-0231"
"banqueta para piano","M-0232"
"banco","M-0233"
"mesa de costura ","M-0234"
"tocheiro","M-0235"
"tocheiro","M-0236"
"Cômoda","M-0237"
"Vaso","M-0238"
"pé de trono em forma de Gajasimha","M-0239"
"piano de cauda","M-0240"
"candelabro","M-0241"
"candelabro","M-0242"
"taça","M-0243"
"Bodhisattva","M-0244"
"buda em meditação","M-0245"
"Bodhisattva","M-0246"
"vaso decorativo com tampa","M-0247"
"mOLDURA","M-0248"
"terrina com presentoir","M-0249"
"saleiro","M-0250"
"cadeira de braços","M-0251"
"Jarrão","M-0252"
"figura de lutador","M-0253"
"prato","M-0254"
"bandeja","M-0255"
"Buda em meditação","M-0256"
"Buda da purificação - Vajrasattva","M-0257"
"Buda em meditação","M-0258"
"taça","M-0259"
"recipiente","M-0260"
"Incensário","M-0261"
"cadeira de braços","M-0262"
"mesa lateral","M-0263"
"mesa lateral","M-0264"
"bodhisattva","M-0265"
"buda","M-0266"
"Divindade feminina","M-0267"
"recipiente","M-0268"
"ânfora (volute krater)","M-0269"
"vaso (pelike)","M-0270"
"jarra (oinochoe)","M-0271"
"xícara com tampa","M-0272"
"corola","M-0273"
"coluna","M-0274"
"coluna","M-0275"
"cadeira de braços","M-0276"
"tocheiro","M-0277"
"tocheiro","M-0278"
"cadeira de braços","M-0279"
"porta","M-0280"
"porta","M-0281"
"mesa","M-0282"
"Mesa lateral","M-0283"
"Mesa lateral","M-0284"
"palma de parede","M-0285"
"palma de parede","M-0286"
"lareira (frontão)","M-0287"
"cadeira","M-0288"
"frasco para rapé","M-0289"
"Frasco para rapé","M-0290"
"caixa","M-0291"
"divindade feminina ","M-0292"
"Concha com cena de pesca - okimono","M-0293"
"Estatueta de Ibeji","M-0294"
"recipiente","M-0295"
"Figura masculina","M-0296"
"adão e eva (relevo)","M-0297"
"virgem em adoração","M-0298"
"São José em adoração","M-0299"
"Náutilus","M-0300"
"isqueiro","M-0301"
"Bom Pastor","M-0302"
"bom Pastor","M-0303"
"caixa","M-0304"
"caixa","M-0305"
"caixa","M-0306"
"Corno de marfim (?) esculpido","M-0307"
"espelho de parede","M-0308"
"figura taoísta (gama - sennin) - netsuke","M-0309"
"porta-pincéis","M-0310"
"Porta-pincéis","M-0311"
"grupo de macacos - okimono","M-0312"
"Sapos - netsuke","M-0313"
"guerreiros em luta - Netsuke","M-0314"
"grupo de músicos - netsuke","M-0315"
"figura votiva","M-0316"
"Peça de peitoral","M-0317"
"taça","M-0318"
"dançarina","M-0319"
"frasco para rapé","M-0320"
"frasco para rapé","M-0321"
"guardião (NI-O) E demônio (o-ni)","M-0322"
"figura feminina - netsukê","M-0323"
"deus da terra","M-0324"
"frasco para rapé","M-0325"
"menino com canastra - okimono","M-0326"
"frasco para rapé","M-0327"
"figura masculina","M-0328"
"peão de jogo de xadrez","M-0329"
"peão de jogo de xadrez","M-0330"
"frasco para perfume em forma de camponesa","M-0331"
"frasco para perfume em forma de camponês","M-0332"
"Casal de pastores","M-0333"
"tinteiro","M-0334"
"Mesa (Table en chiffonière)","M-0335"
"contador","M-0336"
"suporte para lenha (Chenet)","M-0337"
"suporte para lenha (Chenet)","M-0338"
"mesa (table en chiffonniére)","M-0339"
"mesa","M-0340"
"vitrine","M-0341"
"guanyin - Deusa da misericórdia","M-0342"
"figura de imortal - li tieguai","M-0343"
"figura de imortal - shou lao","M-0344"
" figura de imortal - lan caihe","M-0345"
"figura de imortal - zhong-li quan","M-0346"
"grupo escultórico","M-0347"
"estudos da cabeça de Saskia e outros","M-0348"
"candelabro","M-0349"
"candelabro","M-0350"
"retrato de dama","M-0351"
"relógio de mesa","M-0352"
"estojo de costura","M-0353"
"estojo de costura","M-0354"
"caixa","M-0355"
"caixa com miniatura","M-0356"
"caixa","M-0357"
"espelho","M-0358"
"escova de cabelo","M-0359"
"porta-retrato","M-0360"
"escova para roupa","M-0361"
"caixa","M-0362"
"escrivaninha feminina - bonheur du jour","M-0363"
"espelho de toucador","M-0364"
"relevo decorativo","M-0365"
"paisagem (relevo)","M-0366"
"Taça - Libation Cup ","M-0367"
"Figura de imortal","M-0368"
"Figura de imortal","M-0369"
"figura de imortal","M-0370"
"buda sorridente - pudai","M-0371"
"caixa","M-0372"
"recipiente (?)","M-0373"
"peso para papéis","M-0374"
"Caixa para chá","M-0375"
"cadeira de braços","M-0376"
"cadeira de braços","M-0377"
"cadeira dobradiça (de tesoura)","M-0378"
"cadeira dobradiça (de tesoura)","M-0379"
"cadeira dobradiça (de tesoura)","M-0380"
"cadeira dobradiça (de tesoura)","M-0381"
"Mesa para costura","M-0382"
"dedal para costura","M-0383"
"Retrós","M-0384"
"agulha","M-0385"
"frasco para perfume","M-0386"
"frasco para perfume","M-0387"
"castiçal","M-0388"
"mesa de centro (relevo adaptado)","M-0389"
"porta-revistas","M-0390"
"leque","M-0391"
"cabeça ","M-0392"
"Figura masculina ","M-0393"
"recipiente","M-0394"
"recipiente","M-0395"
"recipiente","M-0396"
"Figura de imortal","M-0397"
"frasco","M-0398"
"vaso","M-0399"
"figura masculina","M-0400"
"frasco com tampa","M-0401"
"Vaso","M-0402"
"tastevin","M-0403"
"recipiente","M-0404"
"relógio de parede","M-0405"
"tocheiro","M-0406"
"candelabro de parede","M-0407"
"candelabro de parede","M-0408"
"Cômoda - escrivaninha","M-0409"
"coluna","M-0410"
"vaso","M-0411"
"vaso","M-0412"
"caixa com miniatura","M-0413"
"caixa com miniatura","M-0414"
"figura de ""demônio""","M-0415"
"coluna (miniatura)","M-0416"
"tinteiro","M-0417"
"Relógio de mesaCom Cão de ""FO""","M-0418"
"recipiente (molheira?)","M-0419"
"açucareiro ou molheira","M-0420"
"sopeira","M-0421"
"Mesa de jogo","M-0422"
"prato","M-0423"
"Ovo de avestruz / objeto decorativo","M-0424"
"contador","M-0425"
"mesa","M-0426"
"biombo","M-0427"
"suporte para lenha (CHenet)","M-0428"
"suporte para lenha (CHenet)","M-0429"
"porta-espadas","M-0430"
"colar","M-0431"
"Retrato de moça (MinA KLABIN?)","M-0432"
"tastevin","M-0433"
"apito","M-0434"
"relevo","M-0435"
"caixa","M-0436"
"xícara","M-0437"
"castiçal","M-0438"
"castiçal","M-0439"
"escrivaninha feminina (bureau en pente ou Bureau en dos D'âne)","M-0440"
"retrato de dama","M-0441"
"fauno","M-0442"
"pia de água benta","M-0443"
"zeus (cabeça)","M-0444"
"Guan-Di (general chinês)","M-0445"
"boi","M-0446"
"recipiente","M-0447"
"","M-0448"
"recipiente","M-0449"
"Estatueta masculina","M-0450"
"estatueta","M-0451"
"Escultura Baulê","M-0452"
"BASTÃO (ogó), escultura emblemática de Exu","M-0453"
"Escultura Ashanti","M-0454"
"BASTÃO (oxê) com emblema de Xangô","M-0455"
"BASTÃO (oxê) com emblema de Xangô","M-0456"
"Esculura Mossi","M-0457"
"Topo de máscara (?) com escultura emblemática de Exu","M-0458"
"Topo de máscara","M-0459"
"figura de relicário","M-0460"
"Estatueta","M-0461"
"bastão cerimonial","M-0462"
"porta-retrato","M-0463"
"porta-retrato","M-0464"
"porta-retrato","M-0465"
"torso feminino","M-0466"
"mesa","M-0467"
"castiçal","M-0468"
"castiçal","M-0469"
"vitrine de canto","M-0470"
"vitrine de canto","M-0471"
"bule","M-0472"
"cremeira","M-0473"
"xícara","M-0474"
"xícara","M-0475"
"açucareiro","M-0476"
"Bandeja","M-0477"
"medalhão","M-0478"
"medalhão","M-0479"
"corola","M-0480"
"prato","M-0481"
"prato","M-0482"
"terrina","M-0483"
"xícara e pires (trembleuse)","M-0484"
"recipiente","M-0485"
"aplique de florão","M-0486"
"xícara","M-0487"
"xícara","M-0488"
"bule","M-0489"
"cremeira","M-0490"
"açucareiro","M-0491"
"recipiente para manteiga","M-0492"
"colher","M-0493"
"castiçal","M-0494"
"bandeja","M-0495"
"prato","M-0496"
"prato","M-0497"
"açucareiro","M-0498"
"xícara","M-0499"
"cremeira","M-0500"
"Xícara","M-0501"
"sino - Vajraghanta","M-0502"
"porta-garrafa","M-0503"
"pá para migalhas","M-0504"
"prato","M-0505"
"prato","M-0506"
"prato raso","M-0507"
"prato raso","M-0508"
"travessa","M-0509"
"travessa","M-0510"
"xícara","M-0511"
"recolhedor de cinzas","M-0512"
"tigela","M-0513"
"tigela","M-0514"
"tigela","M-0515"
"xícara","M-0516"
"colher de sal","M-0517"
"prato","M-0518"
"prato","M-0519"
"recipiente","M-0520"
"xícara","M-0521"
"Prato","M-0522"
"travessa","M-0523"
"xícara de chá","M-0524"
"caixa com miniatura","M-0525"
"xícara","M-0526"
"recipiente","M-0527"
"xícara com tampa","M-0528"
"pombos da paz","M-0529"
"Xícara","M-0530"
"figura de santo (?)","M-0531"
"moldura de perfil de camarim de igreja","M-0532"
"xícara","M-0533"
"descanso para talher","M-0534"
"xícara","M-0535"
"bule de chá com réchaud (veilleuse)","M-0536"
"xícara","M-0537"
"travessa","M-0538"
"bule para chá com réchaud","M-0539"
"travessa","M-0540"
"fff moldura","M-0541"
"lenda etíope","M-0542"
"travessa","M-0543"
"copo","M-0544"
"copo","M-0545"
"copo","M-0546"
"copo","M-0547"
"taça","M-0548"
"taça","M-0549"
"taça","M-0550"
"copo","M-0551"
"jarra","M-0552"
"garrafa","M-0553"
"recipiente para saquê","M-0554"
"Recipiente para saquê","M-0555"
"conjunto de recipientes para servir carnes","M-0556"
"mesa de centro","M-0557"
"banqueta","M-0558"
"banqueta","M-0559"
"figura de ancião em paisagem miniatura","M-0560"
"sofá","M-0561"
"sous-plat","M-0562"
"prato para pão","M-0563"
"lavanda","M-0564"
"travessa para caviar","M-0565"
"carimbo","M-0566"
"bule","M-0567"
"molheira","M-0568"
"Molheira","M-0569"
"molheira","M-0570"
"molheira","M-0571"
"molheira","M-0572"
"recipiente","M-0573"
"saleiro","M-0574"
"saleiro","M-0575"
"recipiente","M-0576"
"travessa","M-0577"
"travessa ","M-0578"
"travessa","M-0579"
"travessa","M-0580"
"travessa","M-0581"
"travessa","M-0582"
"prato","M-0583"
"prato","M-0584"
"Prato","M-0585"
"prato","M-0586"
"prato","M-0587"
"prato","M-0588"
"FRagmento","M-0589"
"lacrimatório","M-0590"
"prato","M-0591"
"peça de FREIO de cavalgadura","M-0592"
"edan","M-0593"
"Prato","M-0594"
"buda (cabeça)","M-0595"
"Escrivaninha","M-0596"
"divindade feminina (?) ","M-0597"
"ponteira de bastão","M-0598"
"Figura feminina","M-0599"
"figura feminina","M-0600"
"vaso (aryballos)","M-0601"
"jarra (Oinochoe)","M-0602"
"taça (Kylix)","M-0603"
"vaso (Column krater)","M-0604"
"armário","M-0605"
"Recipiente","M-0606"
"recipiente","M-0607"
"recipiente","M-0608"
"cofre","M-0609"
"farinheira (Madia)","M-0610"
"travessa","M-0611"
"prato ""O julgamento de Salomão""","M-0612"
"prato ""Mucius Scaevola põe sua mão no fogo""","M-0613"
"tinteiro ou saleiro com três sátiros e figura de querubim","M-0614"
"cadeira","M-0615"
"cadeira","M-0616"
"relógio de mesa","M-0617"
"Ave mítica","M-0618"
"Ave Mítica","M-0619"
"Recipiente","M-0620"
"suporte para lenha (CHenet)","M-0621"
"suporte para lenha (CHenet)","M-0622"
"Sino - YongZhong","M-0623"
"pato","M-0624"
"Pato","M-0625"
"prato","M-0626"
"guerreiro","M-0627"
"guerreiro","M-0628"
"cômoda-escrivaninha","M-0629"
"recipiente ritual","M-0630"
"porta-isqueiro","M-0631"
"Dragão","M-0632"
"Dragão","M-0633"
"taça","M-0634"
"taça","M-0635"
"caixa para fumo","M-0636"
"Incensário","M-0637"
"mesa","M-0638"
"escrivaninha","M-0639"
"jue - recipiente para aquecimento de vinho ritual","M-0640"
"ding - recipiente  trípode","M-0641"
"charrete, passageiro e ajudante ","M-0642"
"cachepô","M-0643"
"you - Vaso ritualpara bebidas alcóolicas","M-0644"
"Figura femimina / Tanagra","M-0645"
"espelho de cabo","M-0646"
"console","M-0647"
"recipiente para óleo","M-0648"
"mesa de jogo","M-0649"
"cadeira de braços","M-0650"
"cadeira","M-0651"
"Cadeira","M-0652"
"Lareira (frontão)","M-0653"
"anjo","M-0654"
"anjo","M-0655 "
"figura de guardião - lokapala","M-0656"
"figura de guardião - lokapala","M-0657"
"banco de igreja","M-0658"
"Cavaleiro","M-0659"
"biombo de mesa","M-0660"
"cavalo","M-0661"
"candelabro de parede","M-0662"
"candelabro de parede","M-0663"
"prato","M-0664"
"Prato","M-0665"
"""Cão de fo""","M-0666"
"recipiente","M-0667"
"GRUTA TAOíSTA COM DIVINDADES. MODELO DE ","M-0668"
"candelabro / lustre","M-0669"
"vaso","M-0670"
"vaso","M-0671"
"lustre","M-0672"
"lampadário","M-0673"
"lustre","M-0674"
"candelabro de mesa (girandole)","M-0675"
"Candelabro de mesa (girandole)","M-0676"
"espelho de parede","M-0677"
"placa misular","M-0678"
"placa misular","M-0679"
"ARANDELA","M-0680"
"arandela","M-0681"
"espírito santo em resplendor","M-0682"
"cama","M-0683"
"moldura","M-0684"
"taça","M-0685"
"cabeça de anjo","M-0686"
"cabeça de anjo","M-0687"
"lustre","M-0688"
"lustre","M-0689"
"vaso","M-0690"
"""estrutura esférica""","M-0691"
"Escrivaninha (trumeau ou escrivaninha com alçado)","M-0692"
"mesa para jogos com toucador","M-0693"
"gaiola","M-0694"
"garfo","M-0695"
"faca","M-0696"
"sem título","M-0697"
"xícara","M-0698"
"anjo","M-0699"
"anjo","M-0700"
"tapete ""iraniano""","M-0701"
"tapete bokhara Salor","M-0702"
"tapete ersari","M-0703"
"tapete MESHED","M-0704"
"tapete tabriz ","M-0705"
"tapete turkoman bokhara yamut","M-0706"
"tapete tabriz com cenas de caça","M-0707"
"tapete kerman","M-0708"
"tapete kilim anatolian","M-0709"
"tapete bokhara tekke","M-0710"
"tapete saruq (mahal)","M-0711"
"tapete senneh","M-0712"
"tapete yuruk","M-0713"
"tapete qum (cidade santa)","M-0714"
"tapete Iraniano de oração ","M-0715"
"Alforge","M-0716"
"tapete iraniano","M-0717"
"tapete pao-tu","M-0718"
"tapete saruq (mahal)","M-0719"
"tapete","M-0720"
"tapete","M-0721"
"tapete ghiordes de oração","M-0722"
"tapete pao-tu","M-0723"
"tapete KIrSEHIR","M-0724"
"tapete Kayseri saph de oração ","M-0725"
"tapete","M-0726"
"tapete GHIORDES de oração","M-0727"
"tapete de pele de zebra","M-0728"
"emoldurado","M-0729"
"emoldurado","M-0730"
"aplique","M-0731"
"aplique","M-0732"
"fuste de coluna","M-0733"
"fuste de coluna","M-0734"
"cadeira","M-0735"
"cadeira","M-0736"
"caixa","M-0737"
"eva","M-0738"
"saboneteira","M-0739"
"saboneteira","M-0740"
"vaso","M-0741"
"vaso","M-0742"
"frasco","M-0743"
"frasco","M-0744"
"recipiente","M-0745"
"frasco","M-0746"
"frasco","M-0747"
"frasco","M-0748"
"saboneteira","M-0749"
"saboneteira","M-0750"
"frasco ","M-0751"
"frasco","M-0752"
"frasco para perfume","M-0753"
"saboneteira","M-0754"
"recipiente","M-0755"
"frasco","M-0756"
"frasco","M-0757"
"caixa","M-0758"
"bandeja","M-0759"
"Pote","M-0760"
"frasco","M-0761"
"frasco","M-0762"
"SAGRADA família","M-0763"
"Retrato masculino","M-0764"
"retrato de dama como diana caçadora","M-0765"
"Virgem com o menino, São José e São João evangelista","M-0766"
"pato","M-0767"
"anunciação à virgem","M-0768"
"adoração ao menino jesus","M-0769"
"Retrato de dignatário eclesiástico","M-0770"
"vista de olinda","M-0771"
"Retrato de homem e moça","M-0772"
"Retrato de homem com cachimbo","M-0773"
"IsaAc abençoa jacob","M-0774"
"Aldeia com Igreja","M-0775"
"interior de taverna","M-0776"
"ARIADNe","M-0777"
"Retrato de nobre espanhol","M-0778"
"retrato de dama florentina","M-0779"
"Pesca milagrosa","M-0780"
"Adão e eva depois da expulsão do paraíso","M-0781"
"triunfo de baco e ariadne","M-0782"
"a recusa de Arquimedes","M-0783"
"torre de babel","M-0784"
"No campo (À la campagne)","M-0785"
"noivos com trenó e galo vermelho","M-0786"
"vaso com flores","M-0787"
"Natureza morta com frutas","M-0788"
"natureza morta com limões e xícara","M-0789"
"natureza morta com flores, frutas e cachorro","M-0790"
"caça ao javali","M-0791"
"dois galos","M-0792"
"retrato de lucy","M-0793"
" Igreja de São Cosme e São Damião (Igaraçú)","M-0794"
"paisagem com pastores","M-0795"
"cabeça de mulata","M-0796"
"Paisagem com árvores ao vento","M-0797"
"sagrada família","M-0798"
"a matança dos inocentes","M-0799"
"cena religiosa","M-0800"
"adoração dos reis magos","M-0801"
"Espetáculo na Porte aux Peintres","M-0802"
"Espetáculo na Porte du Palais","M-0803"
"A paixão de Cristo","M-0804"
"retrato de mulher","M-0805"
"No ateliê","M-0806"
"Retrato de um jovem","M-0807"
"paisagem","M-0808"
"partida para a caça","M-0809"
"Grupo com cavalo branco","M-0810"
"sagrada família (Fuga para o egito ?)","M-0811"
"sagrada família","M-0812"
"Virgem, Sant'Ana e São Joaquim","M-0813"
"dois homens à mesa","M-0814"
"Página iluminada de um livro de canções (Falsificação)","M-0815"
"Página iluminada de um livro de canções (Falsificação)","M-0816"
"casal","M-0817"
"retrato de dama como Santa cecília ","M-0818"
"vênus e cupido","M-0819"
"Guirlanda de Flores com cartucho","M-0820"
"rio de janeiro","M-0821"
"Partida para a caça","M-0822"
"Paisagem pastoral","M-0823"
"paisagem Marinha","M-0824"
"lutadores","M-0825"
"Apresentação de Embaixador e comitiva","M-0826"
"oferendas à divindade","M-0827"
"Nobres","M-0828"
"retrato de ema gordon klabin","M-0829"
"virgem com menino e são joão","M-0830"
"figuras femininas com instrumentos musicais","M-0831"
"retrato de mulata","M-0832"
"rebanho em repouso","M-0833"
"no mercado em campos do jordão","M-0834"
" retrato de dama","M-0835"
"retrato de dama","M-0836"
"retrato de dama","M-0837"
" retrato de dama","M-0838"
" retrato da condessa elisabeth Gräfin Grosvenor","M-0839"
"retrato de senhora","M-0840"
" retrato de cavalheiro","M-0841"
"retrato de cavalheiro","M-0842"
" retrato de jovem dama","M-0843"
"retrato de dama","M-0844"
"retrato feminino","M-0845"
" retrato de dama ","M-0846"
" retrato de dama","M-0847"
"retrato da czarina Marie Feodorowska","M-0848"
" retrato de jovem","M-0849"
"paramento litúrgico","M-0850"
"paramento litúrgico","M-0851"
"floresta com pássaros (tapeçaria)","M-0852"
"Lenda de aquiles (tapeçaria)","M-0853"
"CENA CAMPESTRE (TAPEÇARIA)","M-0854"
"lambri","M-0855"
"lambri","M-0856"
"lambri","M-0857"
"lambri","M-0858"
"lambri","M-0859"
"lambri","M-0860"
"Nossa senhora da conceição","M-0861"
"marcador de lugar","M-0862"
"marcador de lugar","M-0863"
"banco","M-0864"
"copo para saquê","M-0865"
"pires para copo de saquê","M-0866"
"sofá ""ema klabin""","M-0867"
"sofá ""ema klabin""","M-0868"
"sofá ""shalom""","M-0869"
"apoio para pincéis","M-0870"
"prato","M-0871"
"prato","M-0872"
"prato","M-0873"
"prato","M-0874"
"prato","M-0875"
"prato","M-0876"
"prato","M-0877"
"prato","M-0878"
"bule de café","M-0879"
"açucareiro","M-0880"
"cremeira","M-0881"
"xícara de café","M-0882"
"pires","M-0883"
"porta - cigarros","M-0884"
"pires para porta - cigarros","M-0885"
"cinzeiro","M-0886"
"centro de mesa","M-0887"
"centro de mesa","M-0888"
"Terrina","M-0889"
"travessa","M-0890"
"sopeira","M-0891"
"Lustre","M-0892"
"sanefa","M-0893"
"Santa (?)","M-0894"
"São Roque","M-0895"
"talha","M-0896"
"Capitel de coluna","M-0897"
"Dançarina e flautista","M-0898"
"Escultor e modelo diante de uma janela","M-0899"
"""Vue de l'hotel de ville et du pont d'arcole"" (vista da prefeitura e da ponte de Arcole)","M-0900"
"briga","M-0901"
"Casal","M-0902"
"figura masculina na neve","M-0903"
"músico e dançarino","M-0904"
"Entrada do porto do Rio de Janeiro e o Pão de Açúcar","M-0905"
"""Vue génerale du louvre et de la monnaie"" (Vista geral do Louvre e do Edificio de la Monnaie)","M-0906"
"""cascade et chateau de st. cloud"" (cascata e castelo de St. Cloud)","M-0907"
"retrato de moça","M-0908"
"cena com patinadores e trenós","M-0909"
"retrato de tarSila do amaral","M-0910"
"Perfil de menina","M-0911"
"bailarina","M-0912"
"serpente","M-0913"
"ave - Estudo para ilustração","M-0914"
"animal híbrido","M-0915"
"tatus-bola - Estudo para ilustração","M-0916"
"moluscos - Estudo para ilustração","M-0917"
"Jacaré - Estudo para ilustração","M-0918"
"fauno Músico N.3","M-0919"
"paisagem com nus","M-0920"
"cena rural","M-0921"
"Lot e suas filhas","M-0922"
"cabeça de mulher","M-0923"
"sem título","M-0924"
"figura com capacete","M-0925"
" figura com corneta","M-0926"
"paisagem","M-0927"
"Mãe e filhos","M-0928"
"mulher amamentando","M-0929"
"pintura tântrica ","M-0930"
"duas figuras","M-0931"
"""Enterrar y callar""","M-0932"
"""caridad""","M-0933"
"figura feminina","M-0934"
"""as tábuas de moisés""","M-0935"
"""Research""","M-0936"
"fonte","M-0937"
"""Vue de la chapelle St. Ferdinand a Neuilly"" ( vista da capela de São fernando em Neuilly)","M-0938"
"floreira","M-0939"
"hércules com serpentes","M-0940"
"lambri","M-0941"
"lambri","M-0942"
"lambri","M-0943"
"lambri","M-0944"
"cabeça de jagunço - ilustração para capa de cardápio","M-0945"
"""caatinga"" - Estudo para ilustração","M-0946"
"""jagunço"" - Estudo para ilustração","M-0947"
"""Emboscada"" - estudo para ilustração ","M-0948"
"""cactus"" - Estudo para Ilustração","M-0949"
"""Estudo para Antonio Conselheiro""","M-0950"
"""Caveiras"" - Estudo para ilustração","M-0951"
"""Estudos para Antonio Conselheiro""","M-0952"
"""degola"" - Estudo para ilustração","M-0953"
"""divino espírito santo"" - Estudo para ilustração","M-0954"
"""O Sargento"" - estudo para ilustração","M-0955"
"""O sargento"" - Estudo para ilustração","M-0956"
"""Briga de Casal"" Estudo para ilustração","M-0957"
"Grupo de mulheres - Estudo para ilustração","M-0958"
"""Joana Cangaty"" estudo para ilustração","M-0959"
"Paisagem com rios e montanhas - estudo para ilustração","M-0960"
"árvore e Casa - Estudo para ilustração","M-0961"
"Tocador de flauta - estudo para ilustração","M-0962"
"grupo com árvores","M-0963"
"Grupo com árvores - estudo para ilustração","M-0964"
"grupo com árvores - estudo para ilustração","M-0965"
"cavaleiros com estandartes e trombetas - estudo para ilustraçào de cardápio","M-0966"
"cavaleiros com estandarte e trombetas - ilustração para capa de cardápio","M-0967"
"""Dr. André Sentado"" - estudo para ilustração","M-0968"
"""jantar na família de cora"" - estudo para ilustração","M-0969"
"""Roubo dos Ossos""- estudo para ilustração","M-0970"
"""o Militar""-  ilustração para capa de cardápio","M-0971"
"""O jantar de Macunaíma"" - ilustração para capa de cardápio","M-0972"
"""Caranguejo"" - ilustração para capa de cardápio","M-0973"
"retrato de bebê","M-0974"
"Cena Erótica ","M-0975"
"Carruagem real puxada por cavalos","M-0976"
"vitral","M-0977"
"Folha de Biombo","M-0978"
"folha de biombo","M-0979"
"folha de biombo","M-0980"
"capa índice do álbum Balada do terror","M-0981"
"""balada do terror""","M-0982"
"""Kalungano""","M-0983"
"""Germinal""","M-0984"
"""estiagem""","M-0985"
"""Big sur""","M-0986"
"""cromossoma  cromática""","M-0987"
"""Cantarina Pânica""","M-0988"
"""kravid""","M-0989"
"""réquien""","M-0990"
"fff Moldura","M-0991"
"Mandala","M-0992"
"binóculo","M-0993"
"caixa ""caranguejo""","M-0994"
"relógio despertador","M-0995"
"cabeça  masculina (?)","M-0996"
"""figura feminina""","M-0997"
"Opus 112 ""Cristina""","M-0998"
"lustre","M-0999"
"candeeiro","M-1000"
"Ema gordon klabin (busto)","M-1001"
"candeeiro","M-1002"
"candeeiro","M-1003"
"porta","M-1004"
"porta","M-1005"
"jarro Nazca","M-1006"
"friso","M-1007"
"medidor de ouro em pó","M-1008"
"caixa ","M-1009"
"candelabro","M-1010"
"candelabro","M-1011"
"""abóbora""","M-1012"
"""Tomates""","M-1013"
"""abóbora""","M-1014"
"moldura","M-1015"
"recipiente","M-1016"
"caixa","M-1017"
"cálice","M-1018"
"figura feminina e árvore","M-1019"
"Galináceos e ramo de flores","M-1020"
"saboneteira","M-1021"
"Retrato de ema gordon klabin","M-1022"
"fragmento de tecido","M-1023"
"recipiente","M-1024"
"cinzeiro em forma de sapatinho mandarim","M-1025"
"Bacia de barbear","M-1026"
"paisagem pastoral","M-1027"
"Prato Raso","M-1028"
"Bule","M-1029"
"Açucareiro","M-1030"
"Cremeira","M-1031"
"prato","M-1032"
"xícara de chá","M-1033"
"pires para xícara de chá","M-1034"
"xícara de chá","M-1035"
"pires para chícara de chá","M-1036"
"xícara de café","M-1037"
"Pires para xícara de café","M-1038"
"xícara de café com pires","M-1039"
"xícara de café","M-1040"
"pires para xícara de café","M-1041"
"vaso","M-1042"
"vasilha","M-1043"
"travessa","M-1044"
"travessa","M-1045"
"vaso","M-1046"
"copo","M-1047"
"taça para licor","M-1048"
"taça","M-1049"
"taça para licor","M-1050"
"Taça para consomê","M-1051"
"Pires para Taça de Consomê","M-1052"
"Xícara de café","M-1053"
"pires para xícara de café","M-1054"
"prato","M-1055"
"prato","M-1056"
"Pá para maquiagem","M-1057"
"banqueta","M-1058"
"Penteadeira","M-1059"
"banqueta","M-1060"
"Porta-toalhas","M-1061"
"porta-toalhas","M-1062"
"pia","M-1063"
"arandela em forma de flechas","M-1064"
"arandela em forma de flechas","M-1065"
"Chaveiro Hessel Klabin","M-1066"
"recipiente em forma de pimenta","M-1067"
"dedal","M-1068"
"mala para sapatos","M-1069"
"Frasqueira","M-1070"
"grupo de Aves","M-1071"
"Candeeiro","M-1072"
"sapo","M-1073"
"sapo","M-1074"
"sapo","M-1075"
"sapo","M-1076"
"sapo","M-1077"
"sapo","M-1078"
"anjo - representação da audição","M-1079"
"anjo- representação do olfato","M-1080"
"anjo - representação do paladar","M-1081"
"anjo - representação da tato","M-1082"
"anjo - representação do Visão","M-1083"
"banheira","M-1084"
"painel de azulejos  ","M-1085"
"bandeja","M-1086"
"porta-garrafa","M-1087"
"sopeira","M-1088"
"sopeira","M-1089"
"sopeira","M-1090"
"sopeira","M-1091"
"conjunto para santos óleos","M-1092"
"taça","M-1093"
"cinzeiro","M-1094"
"samovar","M-1095"
"caneca","M-1096"
"fruteira","M-1097"
"candelabro","M-1098"
"candelabro","M-1099"
"castiçal","M-1100"
"castiçal","M-1101"
"castiçal","M-1102"
"castiçal de saia","M-1103"
"castiçal de saia","M-1104"
"porta-missal","M-1105"
"fruteira","M-1106"
"tocheiro","M-1107"
"tocheiro","M-1108"
"Busto relicário de s. lamberto","M-1109"
"taça","M-1110"
"penca de balangandans","M-1111"
"Copo (beaker and cover)","M-1112"
"copo (Beaker and cover)","M-1113"
"taça","M-1114"
"mata-cigarros","M-1115"
"taça","M-1116"
"molheira","M-1117"
"molheira","M-1118"
"molheira","M-1119"
"molheira","M-1120"
"terrina com presentoir","M-1121"
"terrina","M-1122"
"caixa para chá - tea caddy","M-1123"
"caixa para chá - tea caddy","M-1124"
"Caixa para chá - tea caddy","M-1125"
"taça","M-1126"
"taça","M-1127"
"taça","M-1128"
"taça","M-1129"
"taça","M-1130"
"copo","M-1131"
"taça","M-1132"
"caneca","M-1133"
"açucareiro","M-1134"
"bule","M-1135"
"salva","M-1136"
"Caneca","M-1137"
"FLOREIRA","M-1138"
"farinheira ","M-1139"
"recipiente","M-1140"
"recipiente","M-1141"
"taça (Cup)","M-1142"
"taça (cup and cover)","M-1143"
"Copo","M-1144"
"cesto para pão","M-1145"
"porta-garrafa","M-1146"
"Salva","M-1147"
"caldeirinha de água-benta","M-1148"
"Bombonnière","M-1149"
"Incensário","M-1150"
"castiçal","M-1151"
"castiçal","M-1152"
"taça","M-1153"
"enfeite de mesa","M-1154"
"bule de café","M-1155"
"bule de chá ","M-1156"
"cremeira","M-1157"
"cibório","M-1158"
"enfeite de mesa (?)","M-1159"
"cesto","M-1160"
"cesto","M-1161"
"Copo","M-1162"
"jarra","M-1163"
"caneca","M-1164"
"porta-biscoitos","M-1165"
"taça","M-1166"
"taça","M-1167"
"naveta","M-1168"
"saleiro","M-1169"
"saleiro","M-1170"
"saleiro","M-1171"
"saleiro","M-1172"
"saleiro","M-1173"
"saleiro","M-1174"
"travessa","M-1175"
"travessa","M-1176"
"naveta ","M-1177"
"Molheira","M-1178"
"Espevitadeira com bandeja","M-1179"
"caneca","M-1180"
"caneca","M-1181"
"caneca","M-1182"
"tastevin","M-1183"
"caneca","M-1184"
"recipiente","M-1185"
"recipiente (?)","M-1186"
"paliteiro","M-1187"
"paliteiro","M-1188"
"paliteiro","M-1189"
"paliteiro","M-1190"
"paliteiro","M-1191"
"paliteiro","M-1192"
"paliteiro","M-1193"
"paliteiro","M-1194"
"penca com sete frutas","M-1195"
"coqueteleira","M-1196"
"travessa","M-1198"
"travessa","M-1199"
"travessa","M-1200"
"travessa","M-1201"
"travessa","M-1202"
"travessa","M-1203"
"salva","M-1204"
"travessa","M-1205"
"travessa","M-1206"
"travessa","M-1207"
"travessa","M-1208"
"travessa para peixe","M-1209"
"prato ","M-1210"
"prato","M-1211"
"travessa","M-1212"
"tampa para travessa","M-1213"
"travessa com réchaud","M-1214"
"prato","M-1215"
"prato","M-1216"
"prato","M-1217"
"prato","M-1218"
"prato","M-1219"
"prato","M-1220"
"prato","M-1221"
"prato","M-1222"
"prato","M-1223"
"prato","M-1224"
"prato","M-1225"
"prato","M-1226"
"galheteiro","M-1227"
"taça (?)","M-1228"
"PAISAGEM DE CIDADE - ESTUDO Para ILUSTRAÇÃO","M-1229"
"Galo - estudo para ilustração ","M-1230"
"Grupo à mesa - Estudo para ilustração ","M-1231"
"lanterna","M-1232"
"Lanterna","M-1233"
"fruteira","M-1234"
"leque","M-1235"
"leque","M-1236"
"Piteira","M-1237"
"vaso Nazca","M-1238"
"piteira","M-1239"
"lupa","M-1240"
"frascos para perfume","M-1241"
"porta-pincéis","M-1242"
"porta-pincéis","M-1243"
"poltrona","M-1244"
"genuflexório","M-1245"
"sofá","M-1246"
"espátula","M-1247"
"samovar ","M-1248"
"travessa","M-1249"
"bandeja","M-1250"
"salva","M-1251"
"salva","M-1252"
"salva","M-1253"
"sineta","M-1254"
"tocheiro","M-1255"
"salva","M-1256"
"ânfora","M-1257"
"travessa","M-1258"
"cálice","M-1259"
"corola","M-1260"
"Porta-anéis","M-1261"
"cesto","M-1262"
"saboneteira","M-1263"
"candelabro","M-1264"
"candelabro","M-1265"
"réchaud","M-1266"
"bule","M-1267"
"bule","M-1268"
"jarra","M-1269"
"aquecedor de conhaque","M-1270"
"recipiente para tempero","M-1271"
"cinzeiro","M-1272"
"cinzeiro","M-1273"
"concha","M-1274"
"xícara","M-1275"
"Ânfora","M-1276"
"Moldura de perfil de camarim de igreja","M-1277"
"fruteira","M-1278"
"Suporte para torah","M-1279"
"travessa","M-1280"
"travessa","M-1281"
"travessa","M-1282"
"salva","M-1283"
"salva","M-1284"
"fragmento de tecido","M-1285"
"salva","M-1286"
"petisqueira","M-1287"
"petisqueira","M-1288"
"petisqueira","M-1289"
"petisqueira","M-1290"
"travessa com tampa","M-1291"
"travessa com tampa","M-1292"
"prato decorativo","M-1293"
"castiçal-de-banqueta","M-1294"
"castiçal-de-banqueta","M-1295"
"prato","M-1296"
"prato","M-1297"
"prato","M-1298"
"prato","M-1299"
"prato","M-1300"
"prato","M-1301"
"prato","M-1302"
"prato","M-1303"
"prato","M-1304"
"prato","M-1305"
"prato","M-1306"
"prato","M-1307"
"prato","M-1308"
"prato","M-1309"
"prato","M-1310"
"prato","M-1311"
"prato","M-1312"
"prato","M-1313"
"prato","M-1314"
"prato","M-1315"
"prato","M-1316"
"prato","M-1317"
"prato","M-1318"
"prato","M-1319"
"prato","M-1320"
"prato","M-1321"
"prato","M-1322"
"prato","M-1323"
"prato","M-1324"
"prato","M-1325"
"prato","M-1326"
"prato","M-1327"
"prato","M-1328"
"prato","M-1329"
"prato","M-1330"
"prato","M-1331"
"prato","M-1332"
"prato","M-1333"
"prato","M-1334"
"prato","M-1335"
"prato","M-1336"
"prato","M-1337"
"prato para pão","M-1338"
"prato para pão","M-1339"
"prato para pão","M-1340"
"prato para pão","M-1341"
"prato para pão","M-1342"
"prato para pão","M-1343"
"prato para pão","M-1344"
"prato para pão","M-1345"
"prato para pão","M-1346"
"prato para pão","M-1347"
"prato para pão","M-1348"
"prato para pão","M-1349"
"prato para pão ","M-1350"
"prato para pão","M-1351"
"prato para pão","M-1352"
"prato para pão","M-1353"
"prato para pão","M-1354"
"prato para pão","M-1355"
"garfo para peixe","M-1356"
"faca para peixe","M-1357"
"faca ","M-1358"
"garfo","M-1359"
"porta-menu","M-1360"
"porta-menu","M-1361"
"colher de sopa","M-1362"
"colher de sobremesa","M-1363"
"colher de chá","M-1364"
"colher de café","M-1365"
"garfo de mesa","M-1366"
"garfo de sobremesa","M-1367"
"garfo de peixe","M-1368"
"faca de mesa","M-1369"
"faca de sobremesa","M-1370"
"faca de peixe","M-1371"
"colher de açúcar","M-1372"
"colher de açúcar","M-1373"
"garfo de salada","M-1374"
"concha de sopa","M-1375"
"colher de salada","M-1376"
"faca de servir","M-1377"
"garfo de servir","M-1378"
"espátula de bolo","M-1379"
"colher de servir","M-1380"
"espátula de servir","M-1381"
"colher de servir","M-1382"
"espátula de servir","M-1383"
"argola de guardanapo","M-1384"
"sopeira","M-1385"
"Molheira","M-1386"
"travessa","M-1387"
"travessa oval grande","M-1388"
"travessa oval média","M-1389"
"travessa oval pequena","M-1390"
"prato raso","M-1391"
"prato fundo","M-1392"
"prato de sobremesa","M-1393"
"prato raso","M-1394"
"prato de pão","M-1395"
"prato de sobremesa","M-1396"
"taça de consomê","M-1397"
"pires para taça de consomê","M-1398"
"prato raso","M-1399"
"prato de sobremesa","M-1400"
"prato de pão","M-1401"
"taça de consomê","M-1402"
"pires para taça de consomê","M-1403"
"xícara de chá","M-1404"
"pires para xícara de chá","M-1405"
"xícara de café","M-1406"
"pires para xícara de café","M-1407"
"travessa redonda","M-1408"
"travessa oval pequena","M-1409"
"travessa oval média","M-1410"
"travessa oval grande","M-1411"
"travessa para peixe","M-1412"
"molheira","M-1413"
"molheira com tampa","M-1414"
"sopeira","M-1415"
"prato raso","M-1416"
"prato de sobremesa","M-1417"
"prato raso","M-1418"
"prato fundo","M-1419"
"prato de pão","M-1420"
"prato de sobremesa","M-1421"
"prato raso","M-1422"
"prato","M-1423"
"prato de sobremesa","M-1424"
"prato de pão","M-1425"
"legumeira","M-1426"
"molheira","M-1427"
"travessa oval","M-1428"
"travessa oval","M-1429"
"travessa oval","M-1430"
"travessa oval","M-1431"
"legumeira","M-1432"
"travessa","M-1433"
"travessa","M-1434"
"travessa","M-1435"
"travessa","M-1436"
"travessa","M-1437"
"molheira","M-1438"
"taça de água","M-1439"
"taça de vinho tinto","M-1440"
"taça de vinho branco","M-1441"
"taça de champagne","M-1442"
"taça de água","M-1443"
"taça de vinho tinto","M-1444"
"taça de vinho branco","M-1445"
"taça de champagne","M-1446"
"taça de vinho do porto","M-1447"
"taça de coquetel","M-1448"
"copo alto","M-1449"
"copo baixo","M-1450"
"lavanda","M-1451"
"saladeira (jardinière)","M-1452"
"taça de água","M-1453"
"taça de vinho tinto","M-1454"
"taça de vinho branco","M-1455"
"taça de champanhe","M-1456"
"lavanda","M-1457"
"pires para lavanda","M-1458"
"taça","M-1459"
"taça","M-1460"
"taça","M-1461"
"taça","M-1462"
"taça","M-1463"
"taça","M-1464"
"taça","M-1465"
"colher de sopa","M-1466"
"colher de sobremesa","M-1467"
"colher de chá","M-1468"
"garfo","M-1469"
"garfo de sobremesa","M-1470"
"faca","M-1471"
"faca de sobremesa","M-1472"
"colher de sobremesa","M-1473"
"colher de sobremesa","M-1474"
"colher de consomê","M-1475"
"colher de chá","M-1476"
"colher de chá","M-1477"
"colher de café","M-1478"
"garfo de mesa","M-1479"
"garfo de mesa","M-1480"
"garfo de sobremesa","M-1481"
"garfo de peixe","M-1482"
"garfo de peixe","M-1483"
"faca de peixe","M-1484"
"faca de peixe","M-1485"
"faca de sobremesa","M-1486"
"faca de sobremesa","M-1487"
"faca de mesa","M-1488"
"faca de mesa","M-1489"
"colher de servir","M-1490"
"colher de servir","M-1491"
"colher de servir","M-1492"
"colher de servir","M-1493"
"colher de servir","M-1494"
"colher de servir","M-1495"
"colher de servir","M-1496"
"colher de servir","M-1497"
"colher de servir","M-1498"
"colher de açúcar","M-1499"
"concha","M-1500"
"concha","M-1501"
"garfo de servir","M-1502"
"garfo de servir","M-1503"
"garfo de servir","M-1504"
"garfo de servir","M-1505"
"garfo/colher","M-1506"
"garfo de servir","M-1507"
"espátula de servir","M-1508"
"espátula de servir","M-1509"
"espátula de servir","M-1510"
"faca de servir","M-1511"
"espátula","M-1512"
"pinça de açúcar","M-1513"
"tesoura de uva","M-1514"
"tesoura de uva","M-1515"
"Balança","M-1516"
"cadeira","M-1517"
"Paisagem","M-1518"
"xícara de chá","M-1519"
"pires para xícara de chá","M-1520"
"prato de sobremesa","M-1521"
"Bule de chá","M-1522"
"açucareiro","M-1523"
"leiteira","M-1524"
"marcador de lugar","M-1525"
"marcador de lugar","M-1526"
"porta caixa de fósforos","M-1527"
"cinzeiro","M-1528"
"porta-cigarros","M-1529"
"porta-caixa de fósforos","M-1530"
"espetinho para aperitivo","M-1531"
"cinzeiro","M-1532"
"porta-caixa de fósforos","M-1533"
"instrumento para retirar gás de bebidas","M-1534"
"copo","M-1535"
"cinzeiro","M-1536"
"caneca","M-1537"
"espeto para aperitivo","M-1538"
"colher para açucareiro","M-1539"
"argola de guardanapo","M-1540"
"argola de guardanapo","M-1541"
"argola de guardanapo","M-1542"
"tinteiro","M-1543"
"tinteiro","M-1544"
"xícara","M-1545"
"Casaco","M-1546"
"casaco","M-1547"
"casaco","M-1548"
"casaco","M-1549"
"casaco","M-1550"
"estola","M-1551"
"Vestido de couro","M-1552"
"estola","M-1553"
"capa","M-1554"
"Pelerine","M-1555"
"Conjunto saia e blazer","M-1556"
"Conjunto casaco e vestido","M-1557"
"casaco","M-1558"
"conjunto de vestido e Blazer","M-1559"
"Túnica (?)","M-1560"
"Bolsa","M-1561"
"bolsa","M-1562"
"vestido","M-1563"
"vestido","M-1564"
"vestido","M-1565"
"vestido","M-1566"
"vestido esporte","M-1567"
"túnica","M-1568"
"vestido","M-1569"
"vestido","M-1570"
"vestido","M-1571"
"vestido","M-1572"
"vestido de noite","M-1573"
"vestido","M-1574"
"vestido","M-1575"
"vestido","M-1576"
"sombrinha","M-1577"
"xícara de chá","M-1578"
"pires para xícara de chá","M-1579"
"prato de chá","M-1580"
"cremeira","M-1581"
"açucareiro","M-1582"
"tocheiro","M-1583"
"tocheiro","M-1584"
"prato raso","M-1585"
"prato fundo","M-1586"
"xícara de chá","M-1587"
"pires para xícara de chá","M-1588"
"recipiente","M-1589"
"Ânfora","M-1590"
"Figura de ancião","M-1591"
"Estojo de escritório","M-1592"
"Figura de santo (?)","M-1593"
"moldura","M-1594"
"moldura","M-1595"
"moldura","M-1596"
"moldura","M-1597"
"travessa com réchaud","M-1598"
"Abajur","M-1599"
"abajur","M-1600"
"lustre","M-1601"
"Organizador de lugares","M-1602"
"organizador de lugares","M-1603"
"Chaveiro klabin","M-1604"
"chaveiro klabin","M-1605"
"chaveiro klabin","M-1606"
"chaveiro klabin","M-1607"
"chaveiro klabin","M-1608"
"espelho de parede","M-1609"
"caneta","M-1610"
"caneta","M-1611"
"caneta","M-1612"
"bandeja","M-1613"
"tampa (?)","M-1614"
"mesa","M-1615"
"cadeira","M-1616"
"Figura de Cangaceiro","M-1617"
"Figura de Cangaceiro","M-1618"
"Grupo tocando Berimbau","M-1619"
