Titulo,Free Text
Categoria:Núcleo/Núcleo desconhecido,[[Categoria:Núcleo]]
Categoria:Núcleo/Núcleo desconhecido,[[Categoria:Núcleo]]
Categoria:Núcleo/Núcleo desconhecido,[[Categoria:Núcleo]]
Categoria:Núcleo/Arte Oriental,[[Categoria:Núcleo]]
Categoria:Núcleo/Arte Oriental,[[Categoria:Núcleo]]
Categoria:Núcleo/Arte Oriental,[[Categoria:Núcleo]]
Categoria:Núcleo/Arte Oriental,[[Categoria:Núcleo]]
Categoria:Núcleo/Arte Oriental,[[Categoria:Núcleo]]
Categoria:Núcleo/Arte Oriental,[[Categoria:Núcleo]]
Categoria:Núcleo/Arte Oriental,[[Categoria:Núcleo]]
Categoria:Núcleo/Arte Brasileira - Século XVIII e XIX,[[Categoria:Núcleo]]
Categoria:Núcleo/Núcleo desconhecido,[[Categoria:Núcleo]]
Categoria:Núcleo/Mobiliário Europeu,[[Categoria:Núcleo]]
Categoria:Núcleo/Arte Oriental,[[Categoria:Núcleo]]
Categoria:Núcleo/Mobiliário Europeu,[[Categoria:Núcleo]]
Categoria:Núcleo/Mobiliário Europeu,[[Categoria:Núcleo]]
Categoria:Núcleo/Mobiliário Europeu,[[Categoria:Núcleo]]
Categoria:Núcleo/Mobiliário Europeu,[[Categoria:Núcleo]]
Categoria:Núcleo/Núcleo desconhecido,[[Categoria:Núcleo]]
Categoria:Núcleo/Núcleo desconhecido,[[Categoria:Núcleo]]
Categoria:Núcleo/Núcleo desconhecido,[[Categoria:Núcleo]]
Categoria:Núcleo/Núcleo desconhecido,[[Categoria:Núcleo]]
Categoria:Núcleo/Núcleo desconhecido,[[Categoria:Núcleo]]
Categoria:Núcleo/Núcleo desconhecido,[[Categoria:Núcleo]]
Categoria:Núcleo/Núcleo desconhecido,[[Categoria:Núcleo]]
Categoria:Núcleo/Núcleo desconhecido,[[Categoria:Núcleo]]
Categoria:Núcleo/Núcleo desconhecido,[[Categoria:Núcleo]]
Categoria:Núcleo/Núcleo desconhecido,[[Categoria:Núcleo]]
Categoria:Núcleo/Núcleo desconhecido,[[Categoria:Núcleo]]
Categoria:Núcleo/Núcleo desconhecido,[[Categoria:Núcleo]]
Categoria:Núcleo/Mobiliário Brasileiro,[[Categoria:Núcleo]]
Categoria:Núcleo/Mobiliário Europeu,[[Categoria:Núcleo]]
Categoria:Núcleo/Mobiliário Europeu,[[Categoria:Núcleo]]
Categoria:Núcleo/Núcleo desconhecido,[[Categoria:Núcleo]]
Categoria:Núcleo/Núcleo desconhecido,[[Categoria:Núcleo]]
Categoria:Núcleo/Arte Brasileira - Século XVIII e XIX,[[Categoria:Núcleo]]
Categoria:Núcleo/Arte Brasileira - Século XVIII e XIX,[[Categoria:Núcleo]]
Categoria:Núcleo/Arte Brasileira - Século XVIII e XIX,[[Categoria:Núcleo]]
Categoria:Núcleo/Arte Brasileira - Século XVIII e XIX,[[Categoria:Núcleo]]
Categoria:Núcleo/Arte Brasileira - Século XVIII e XIX,[[Categoria:Núcleo]]
Categoria:Núcleo/Arte Brasileira - Século XVIII e XIX,[[Categoria:Núcleo]]
Categoria:Núcleo/Núcleo desconhecido,[[Categoria:Núcleo]]
Categoria:Núcleo/Arte Brasileira - Século XVIII e XIX,[[Categoria:Núcleo]]
Categoria:Núcleo/Arte Brasileira - Século XVIII e XIX,[[Categoria:Núcleo]]
Categoria:Núcleo/Arte Brasileira - Século XVIII e XIX,[[Categoria:Núcleo]]
Categoria:Núcleo/Arte Brasileira - Século XVIII e XIX,[[Categoria:Núcleo]]
Categoria:Núcleo/Arte Brasileira - Século XVIII e XIX,[[Categoria:Núcleo]]
Categoria:Núcleo/Arte Brasileira - Século XVIII e XIX,[[Categoria:Núcleo]]
Categoria:Núcleo/Arte Brasileira - Século XVIII e XIX,[[Categoria:Núcleo]]
Categoria:Núcleo/Arte Brasileira - Século XVIII e XIX,[[Categoria:Núcleo]]
Categoria:Núcleo/Mobiliário Europeu,[[Categoria:Núcleo]]
Categoria:Núcleo/Mobiliário Brasileiro,[[Categoria:Núcleo]]
Categoria:Núcleo/Mobiliário Brasileiro,[[Categoria:Núcleo]]
Categoria:Núcleo/Núcleo desconhecido,[[Categoria:Núcleo]]
Categoria:Núcleo/Mobiliário Brasileiro,[[Categoria:Núcleo]]
Categoria:Núcleo/Arte Oriental,[[Categoria:Núcleo]]
Categoria:Núcleo/Arte Oriental,[[Categoria:Núcleo]]
Categoria:Núcleo/Arte Oriental,[[Categoria:Núcleo]]
Categoria:Núcleo/Arte Oriental,[[Categoria:Núcleo]]
Categoria:Núcleo/Arte Oriental,[[Categoria:Núcleo]]
Categoria:Núcleo/Prataria - Exposição,[[Categoria:Núcleo]]
Categoria:Núcleo/Prataria - Exposição,[[Categoria:Núcleo]]
Categoria:Núcleo/Arte Oriental,[[Categoria:Núcleo]]
Categoria:Núcleo/Arte Oriental,[[Categoria:Núcleo]]
Categoria:Núcleo/Arte Oriental,[[Categoria:Núcleo]]
Categoria:Núcleo/Arte Brasileira - Século XVIII e XIX,[[Categoria:Núcleo]]
Categoria:Núcleo/Arte Brasileira - Século XVIII e XIX,[[Categoria:Núcleo]]
Categoria:Núcleo/Arte Brasileira - Século XVIII e XIX,[[Categoria:Núcleo]]
Categoria:Núcleo/Arte Brasileira - Século XVIII e XIX,[[Categoria:Núcleo]]
Categoria:Núcleo/Arte Oriental,[[Categoria:Núcleo]]
Categoria:Núcleo/Arte Oriental,[[Categoria:Núcleo]]
Categoria:Núcleo/Arte Oriental,[[Categoria:Núcleo]]
Categoria:Núcleo/Núcleo desconhecido,[[Categoria:Núcleo]]
Categoria:Núcleo/Núcleo desconhecido,[[Categoria:Núcleo]]
Categoria:Núcleo/Arte Oriental,[[Categoria:Núcleo]]
Categoria:Núcleo/Arte Brasileira - Século XVIII e XIX,[[Categoria:Núcleo]]
Categoria:Núcleo/Arte Brasileira - Século XVIII e XIX,[[Categoria:Núcleo]]
Categoria:Núcleo/Mobiliário Europeu,[[Categoria:Núcleo]]
Categoria:Núcleo/Prataria - Exposição,[[Categoria:Núcleo]]
Categoria:Núcleo/Arte Brasileira - Século XVIII e XIX,[[Categoria:Núcleo]]
Categoria:Núcleo/Arte Brasileira - Século XVIII e XIX,[[Categoria:Núcleo]]
Categoria:Núcleo/Arte Oriental,[[Categoria:Núcleo]]
Categoria:Núcleo/Arte Oriental,[[Categoria:Núcleo]]
Categoria:Núcleo/Arte Oriental,[[Categoria:Núcleo]]
Categoria:Núcleo/Arte Oriental,[[Categoria:Núcleo]]
Categoria:Núcleo/Arte Oriental,[[Categoria:Núcleo]]
Categoria:Núcleo/Arte Oriental,[[Categoria:Núcleo]]
Categoria:Núcleo/Arte Oriental,[[Categoria:Núcleo]]
Categoria:Núcleo/Arte Oriental,[[Categoria:Núcleo]]
Categoria:Núcleo/Núcleo desconhecido,[[Categoria:Núcleo]]
Categoria:Núcleo/Núcleo desconhecido,[[Categoria:Núcleo]]
Categoria:Núcleo/Arte Oriental,[[Categoria:Núcleo]]
Categoria:Núcleo/Arte Oriental,[[Categoria:Núcleo]]
Categoria:Núcleo/Arte Oriental,[[Categoria:Núcleo]]
Categoria:Núcleo/Arte Oriental,[[Categoria:Núcleo]]
Categoria:Núcleo/Arte Oriental,[[Categoria:Núcleo]]
Categoria:Núcleo/Arte Oriental,[[Categoria:Núcleo]]
Categoria:Núcleo/Arte Oriental,[[Categoria:Núcleo]]
Categoria:Núcleo/Arte Oriental,[[Categoria:Núcleo]]
Categoria:Núcleo/Mobiliário Europeu,[[Categoria:Núcleo]]
Categoria:Núcleo/Mobiliário Europeu,[[Categoria:Núcleo]]
Categoria:Núcleo/Mobiliário Europeu,[[Categoria:Núcleo]]
Categoria:Núcleo/Mobiliário Europeu,[[Categoria:Núcleo]]
Categoria:Núcleo/Núcleo desconhecido,[[Categoria:Núcleo]]
Categoria:Núcleo/Núcleo desconhecido,[[Categoria:Núcleo]]
Categoria:Núcleo/Núcleo desconhecido,[[Categoria:Núcleo]]
Categoria:Núcleo/Núcleo desconhecido,[[Categoria:Núcleo]]
Categoria:Núcleo/Núcleo desconhecido,[[Categoria:Núcleo]]
Categoria:Núcleo/Núcleo desconhecido,[[Categoria:Núcleo]]
Categoria:Núcleo/Mobiliário Europeu,[[Categoria:Núcleo]]
Categoria:Núcleo/Núcleo desconhecido,[[Categoria:Núcleo]]
Categoria:Núcleo/Mobiliário Brasileiro,[[Categoria:Núcleo]]
Categoria:Núcleo/Mobiliário Brasileiro,[[Categoria:Núcleo]]
Categoria:Núcleo/Mobiliário Brasileiro,[[Categoria:Núcleo]]
Categoria:Núcleo/Núcleo desconhecido,[[Categoria:Núcleo]]
Categoria:Núcleo/Núcleo desconhecido,[[Categoria:Núcleo]]
Categoria:Núcleo/Núcleo desconhecido,[[Categoria:Núcleo]]
Categoria:Núcleo/Arte Brasileira - Século XVIII e XIX,[[Categoria:Núcleo]]
Categoria:Núcleo/Núcleo desconhecido,[[Categoria:Núcleo]]
Categoria:Núcleo/Núcleo desconhecido,[[Categoria:Núcleo]]
Categoria:Núcleo/Núcleo desconhecido,[[Categoria:Núcleo]]
Categoria:Núcleo/Núcleo desconhecido,[[Categoria:Núcleo]]
Categoria:Núcleo/Núcleo desconhecido,[[Categoria:Núcleo]]
Categoria:Núcleo/Arte Brasileira - Século XVIII e XIX,[[Categoria:Núcleo]]
Categoria:Núcleo/Arte Brasileira - Século XVIII e XIX,[[Categoria:Núcleo]]
Categoria:Núcleo/Núcleo desconhecido,[[Categoria:Núcleo]]
Categoria:Núcleo/Arte Brasileira - Século XVIII e XIX,[[Categoria:Núcleo]]
Categoria:Núcleo/Núcleo desconhecido,[[Categoria:Núcleo]]
Categoria:Núcleo/Núcleo desconhecido,[[Categoria:Núcleo]]
Categoria:Núcleo/Núcleo desconhecido,[[Categoria:Núcleo]]
Categoria:Núcleo/Mobiliário Europeu,[[Categoria:Núcleo]]
Categoria:Núcleo/Arte Oriental,[[Categoria:Núcleo]]
Categoria:Núcleo/Mobiliário Europeu,[[Categoria:Núcleo]]
Categoria:Núcleo/Mobiliário Europeu,[[Categoria:Núcleo]]
Categoria:Núcleo/Arte Oriental,[[Categoria:Núcleo]]
Categoria:Núcleo/Núcleo desconhecido,[[Categoria:Núcleo]]
Categoria:Núcleo/Núcleo desconhecido,[[Categoria:Núcleo]]
Categoria:Núcleo/Arte Oriental,[[Categoria:Núcleo]]
Categoria:Núcleo/Núcleo desconhecido,[[Categoria:Núcleo]]
Categoria:Núcleo/Arte Oriental,[[Categoria:Núcleo]]
Categoria:Núcleo/Arte Oriental,[[Categoria:Núcleo]]
Categoria:Núcleo/Arte Oriental,[[Categoria:Núcleo]]
Categoria:Núcleo/Arte Oriental,[[Categoria:Núcleo]]
Categoria:Núcleo/Arte Oriental,[[Categoria:Núcleo]]
Categoria:Núcleo/Arte Oriental,[[Categoria:Núcleo]]
Categoria:Núcleo/Arte Oriental,[[Categoria:Núcleo]]
Categoria:Núcleo/Arte Oriental,[[Categoria:Núcleo]]
Categoria:Núcleo/Arte Oriental,[[Categoria:Núcleo]]
Categoria:Núcleo/Arte Oriental,[[Categoria:Núcleo]]
Categoria:Núcleo/Arte Oriental,[[Categoria:Núcleo]]
Categoria:Núcleo/Arte Oriental,[[Categoria:Núcleo]]
Categoria:Núcleo/Núcleo desconhecido,[[Categoria:Núcleo]]
Categoria:Núcleo/Arte Oriental,[[Categoria:Núcleo]]
Categoria:Núcleo/Mobiliário Europeu,[[Categoria:Núcleo]]
Categoria:Núcleo/Núcleo desconhecido,[[Categoria:Núcleo]]
Categoria:Núcleo/Arte Oriental,[[Categoria:Núcleo]]
Categoria:Núcleo/Mobiliário Europeu,[[Categoria:Núcleo]]
Categoria:Núcleo/Mobiliário Europeu,[[Categoria:Núcleo]]
Categoria:Núcleo/Mobiliário Europeu,[[Categoria:Núcleo]]
Categoria:Núcleo/Arte Brasileira - Século XVIII e XIX,[[Categoria:Núcleo]]
Categoria:Núcleo/Arte Brasileira - Século XVIII e XIX,[[Categoria:Núcleo]]
Categoria:Núcleo/Arte Oriental,[[Categoria:Núcleo]]
Categoria:Núcleo/Núcleo desconhecido,[[Categoria:Núcleo]]
Categoria:Núcleo/Núcleo desconhecido,[[Categoria:Núcleo]]
Categoria:Núcleo/Núcleo desconhecido,[[Categoria:Núcleo]]
Categoria:Núcleo/Núcleo desconhecido,[[Categoria:Núcleo]]
Categoria:Núcleo/Núcleo desconhecido,[[Categoria:Núcleo]]
Categoria:Núcleo/Núcleo desconhecido,[[Categoria:Núcleo]]
Categoria:Núcleo/Núcleo desconhecido,[[Categoria:Núcleo]]
Categoria:Núcleo/Mobiliário Europeu,[[Categoria:Núcleo]]
Categoria:Núcleo/Mobiliário Europeu,[[Categoria:Núcleo]]
Categoria:Núcleo/Núcleo desconhecido,[[Categoria:Núcleo]]
Categoria:Núcleo/Núcleo desconhecido,[[Categoria:Núcleo]]
Categoria:Núcleo/Mobiliário Europeu,[[Categoria:Núcleo]]
Categoria:Núcleo/Arte Oriental,[[Categoria:Núcleo]]
Categoria:Núcleo/Arte Oriental,[[Categoria:Núcleo]]
Categoria:Núcleo/Arte Oriental,[[Categoria:Núcleo]]
Categoria:Núcleo/Arte Oriental,[[Categoria:Núcleo]]
Categoria:Núcleo/Arte Oriental,[[Categoria:Núcleo]]
Categoria:Núcleo/Arte Oriental,[[Categoria:Núcleo]]
Categoria:Núcleo/Arte Oriental,[[Categoria:Núcleo]]
Categoria:Núcleo/Arte Oriental,[[Categoria:Núcleo]]
Categoria:Núcleo/Arte Oriental,[[Categoria:Núcleo]]
Categoria:Núcleo/Mobiliário Europeu,[[Categoria:Núcleo]]
Categoria:Núcleo/Mobiliário Brasileiro,[[Categoria:Núcleo]]
Categoria:Núcleo/Prataria - Uso,[[Categoria:Núcleo]]
Categoria:Núcleo/Prataria - Uso,[[Categoria:Núcleo]]
Categoria:Núcleo/Núcleo desconhecido,[[Categoria:Núcleo]]
Categoria:Núcleo/Núcleo desconhecido,[[Categoria:Núcleo]]
Categoria:Núcleo/Mobiliário Brasileiro,[[Categoria:Núcleo]]
Categoria:Núcleo/Mobiliário Brasileiro,[[Categoria:Núcleo]]
Categoria:Núcleo/Mobiliário Brasileiro,[[Categoria:Núcleo]]
Categoria:Núcleo/Núcleo desconhecido,[[Categoria:Núcleo]]
Categoria:Núcleo/Mobiliário Europeu,[[Categoria:Núcleo]]
Categoria:Núcleo/Arte Oriental,[[Categoria:Núcleo]]
Categoria:Núcleo/Mobiliário Brasileiro,[[Categoria:Núcleo]]
Categoria:Núcleo/Mobiliário Brasileiro,[[Categoria:Núcleo]]
Categoria:Núcleo/Arte Brasileira - Século XVIII e XIX,[[Categoria:Núcleo]]
Categoria:Núcleo/Arte Brasileira - Século XVIII e XIX,[[Categoria:Núcleo]]
Categoria:Núcleo/Núcleo desconhecido,[[Categoria:Núcleo]]
Categoria:Núcleo/Núcleo desconhecido,[[Categoria:Núcleo]]
Categoria:Núcleo/Arte Oriental,[[Categoria:Núcleo]]
Categoria:Núcleo/Núcleo desconhecido,[[Categoria:Núcleo]]
Categoria:Núcleo/Núcleo desconhecido,[[Categoria:Núcleo]]
Categoria:Núcleo/Arte Oriental,[[Categoria:Núcleo]]
Categoria:Núcleo/Arte Oriental,[[Categoria:Núcleo]]
Categoria:Núcleo/Mobiliário Europeu,[[Categoria:Núcleo]]
Categoria:Núcleo/Mobiliário Europeu,[[Categoria:Núcleo]]
Categoria:Núcleo/Arte Oriental,[[Categoria:Núcleo]]
Categoria:Núcleo/Arte Oriental,[[Categoria:Núcleo]]
Categoria:Núcleo/Arte Oriental,[[Categoria:Núcleo]]
Categoria:Núcleo/Arte Oriental,[[Categoria:Núcleo]]
Categoria:Núcleo/Arte Oriental,[[Categoria:Núcleo]]
Categoria:Núcleo/Arte Oriental,[[Categoria:Núcleo]]
Categoria:Núcleo/Mobiliário Brasileiro,[[Categoria:Núcleo]]
Categoria:Núcleo/Arte Oriental,[[Categoria:Núcleo]]
Categoria:Núcleo/Arte Oriental,[[Categoria:Núcleo]]
Categoria:Núcleo/Arte Oriental,[[Categoria:Núcleo]]
Categoria:Núcleo/Arte Oriental,[[Categoria:Núcleo]]
Categoria:Núcleo/Moda,[[Categoria:Núcleo]]
Categoria:Núcleo/Arte Oriental,[[Categoria:Núcleo]]
Categoria:Núcleo/Arte Oriental,[[Categoria:Núcleo]]
Categoria:Núcleo/Núcleo desconhecido,[[Categoria:Núcleo]]
Categoria:Núcleo/Núcleo desconhecido,[[Categoria:Núcleo]]
Categoria:Núcleo/Arte Oriental,[[Categoria:Núcleo]]
Categoria:Núcleo/Arte Oriental,[[Categoria:Núcleo]]
Categoria:Núcleo/Arte Oriental,[[Categoria:Núcleo]]
Categoria:Núcleo/Arte Oriental,[[Categoria:Núcleo]]
Categoria:Núcleo/Núcleo desconhecido,[[Categoria:Núcleo]]
Categoria:Núcleo/Núcleo desconhecido,[[Categoria:Núcleo]]
Categoria:Núcleo/Núcleo desconhecido,[[Categoria:Núcleo]]
Categoria:Núcleo/Mobiliário Europeu,[[Categoria:Núcleo]]
Categoria:Núcleo/Mobiliário Europeu,[[Categoria:Núcleo]]
Categoria:Núcleo/Mobiliário Europeu,[[Categoria:Núcleo]]
Categoria:Núcleo/Mobiliário Europeu,[[Categoria:Núcleo]]
Categoria:Núcleo/Núcleo desconhecido,[[Categoria:Núcleo]]
Categoria:Núcleo/Mobiliário Europeu,[[Categoria:Núcleo]]
Categoria:Núcleo/Arte Oriental,[[Categoria:Núcleo]]
Categoria:Núcleo/Arte Oriental,[[Categoria:Núcleo]]
Categoria:Núcleo/Núcleo desconhecido,[[Categoria:Núcleo]]
Categoria:Núcleo/Núcleo desconhecido,[[Categoria:Núcleo]]
Categoria:Núcleo/Núcleo desconhecido,[[Categoria:Núcleo]]
Categoria:Núcleo/Arte Oriental,[[Categoria:Núcleo]]
Categoria:Núcleo/Arte Oriental,[[Categoria:Núcleo]]
Categoria:Núcleo/Arte Oriental,[[Categoria:Núcleo]]
Categoria:Núcleo/Arte Oriental,[[Categoria:Núcleo]]
Categoria:Núcleo/Arte Oriental,[[Categoria:Núcleo]]
Categoria:Núcleo/Núcleo desconhecido,[[Categoria:Núcleo]]
Categoria:Núcleo/Arte Oriental,[[Categoria:Núcleo]]
Categoria:Núcleo/Arte Oriental,[[Categoria:Núcleo]]
Categoria:Núcleo/Mobiliário Europeu,[[Categoria:Núcleo]]
Categoria:Núcleo/Arte Oriental,[[Categoria:Núcleo]]
Categoria:Núcleo/Antiguidade Clássica,[[Categoria:Núcleo]]
Categoria:Núcleo/Arte Oriental,[[Categoria:Núcleo]]
Categoria:Núcleo/Arte Oriental,[[Categoria:Núcleo]]
Categoria:Núcleo/Arte Oriental,[[Categoria:Núcleo]]
Categoria:Núcleo/Arte Oriental,[[Categoria:Núcleo]]
Categoria:Núcleo/Arte Oriental,[[Categoria:Núcleo]]
Categoria:Núcleo/Arte Oriental,[[Categoria:Núcleo]]
Categoria:Núcleo/Arte Oriental,[[Categoria:Núcleo]]
Categoria:Núcleo/Arte Oriental,[[Categoria:Núcleo]]
Categoria:Núcleo/Mobiliário Europeu,[[Categoria:Núcleo]]
Categoria:Núcleo/Mobiliário Brasileiro,[[Categoria:Núcleo]]
Categoria:Núcleo/Mobiliário Brasileiro,[[Categoria:Núcleo]]
Categoria:Núcleo/Arte Oriental,[[Categoria:Núcleo]]
Categoria:Núcleo/Arte Oriental,[[Categoria:Núcleo]]
Categoria:Núcleo/Arte Oriental,[[Categoria:Núcleo]]
Categoria:Núcleo/Arte Oriental,[[Categoria:Núcleo]]
Categoria:Núcleo/Antiguidade Clássica,[[Categoria:Núcleo]]
Categoria:Núcleo/Antiguidade Clássica,[[Categoria:Núcleo]]
Categoria:Núcleo/Antiguidade Clássica,[[Categoria:Núcleo]]
Categoria:Núcleo/Núcleo desconhecido,[[Categoria:Núcleo]]
Categoria:Núcleo/Prataria - Exposição,[[Categoria:Núcleo]]
Categoria:Núcleo/Arte Brasileira - Século XVIII e XIX,[[Categoria:Núcleo]]
Categoria:Núcleo/Arte Brasileira - Século XVIII e XIX,[[Categoria:Núcleo]]
Categoria:Núcleo/Mobiliário Europeu,[[Categoria:Núcleo]]
Categoria:Núcleo/Núcleo desconhecido,[[Categoria:Núcleo]]
Categoria:Núcleo/Núcleo desconhecido,[[Categoria:Núcleo]]
Categoria:Núcleo/Mobiliário Europeu,[[Categoria:Núcleo]]
Categoria:Núcleo/Núcleo desconhecido,[[Categoria:Núcleo]]
Categoria:Núcleo/Núcleo desconhecido,[[Categoria:Núcleo]]
Categoria:Núcleo/Arte Oriental,[[Categoria:Núcleo]]
Categoria:Núcleo/Arte Oriental,[[Categoria:Núcleo]]
Categoria:Núcleo/Arte Oriental,[[Categoria:Núcleo]]
Categoria:Núcleo/Núcleo desconhecido,[[Categoria:Núcleo]]
Categoria:Núcleo/Núcleo desconhecido,[[Categoria:Núcleo]]
Categoria:Núcleo/Núcleo desconhecido,[[Categoria:Núcleo]]
Categoria:Núcleo/Mobiliário Europeu,[[Categoria:Núcleo]]
Categoria:Núcleo/Arte Oriental,[[Categoria:Núcleo]]
Categoria:Núcleo/Arte Oriental,[[Categoria:Núcleo]]
Categoria:Núcleo/Núcleo desconhecido,[[Categoria:Núcleo]]
Categoria:Núcleo/Arte Oriental,[[Categoria:Núcleo]]
Categoria:Núcleo/Arte Oriental,[[Categoria:Núcleo]]
Categoria:Núcleo/Arte Africana,[[Categoria:Núcleo]]
Categoria:Núcleo/Arte Pré-Colombiana,[[Categoria:Núcleo]]
Categoria:Núcleo/Arte Pré-Colombiana,[[Categoria:Núcleo]]
Categoria:Núcleo/Núcleo desconhecido,[[Categoria:Núcleo]]
Categoria:Núcleo/Arte Oriental,[[Categoria:Núcleo]]
Categoria:Núcleo/Arte Oriental,[[Categoria:Núcleo]]
Categoria:Núcleo/Arte Brasileira - Século XX,[[Categoria:Núcleo]]
Categoria:Núcleo/Núcleo desconhecido,[[Categoria:Núcleo]]
Categoria:Núcleo/Arte Oriental,[[Categoria:Núcleo]]
Categoria:Núcleo/Arte Brasileira - Século XVIII e XIX,[[Categoria:Núcleo]]
Categoria:Núcleo/Arte Oriental,[[Categoria:Núcleo]]
Categoria:Núcleo/Arte Oriental,[[Categoria:Núcleo]]
Categoria:Núcleo/Núcleo desconhecido,[[Categoria:Núcleo]]
Categoria:Núcleo/Arte Africana,[[Categoria:Núcleo]]
Categoria:Núcleo/Núcleo desconhecido,[[Categoria:Núcleo]]
Categoria:Núcleo/Arte Oriental,[[Categoria:Núcleo]]
Categoria:Núcleo/Arte Oriental,[[Categoria:Núcleo]]
Categoria:Núcleo/Arte Oriental,[[Categoria:Núcleo]]
Categoria:Núcleo/Arte Oriental,[[Categoria:Núcleo]]
Categoria:Núcleo/Arte Oriental,[[Categoria:Núcleo]]
Categoria:Núcleo/Arte Oriental,[[Categoria:Núcleo]]
Categoria:Núcleo/Arte Oriental,[[Categoria:Núcleo]]
Categoria:Núcleo/Arte Pré-Colombiana,[[Categoria:Núcleo]]
Categoria:Núcleo/Arte Pré-Colombiana,[[Categoria:Núcleo]]
Categoria:Núcleo/Núcleo desconhecido,[[Categoria:Núcleo]]
Categoria:Núcleo/Arte Oriental,[[Categoria:Núcleo]]
Categoria:Núcleo/Arte Oriental,[[Categoria:Núcleo]]
Categoria:Núcleo/Arte Oriental,[[Categoria:Núcleo]]
Categoria:Núcleo/Arte Oriental,[[Categoria:Núcleo]]
Categoria:Núcleo/Arte Oriental,[[Categoria:Núcleo]]
Categoria:Núcleo/Arte Oriental,[[Categoria:Núcleo]]
Categoria:Núcleo/Arte Oriental,[[Categoria:Núcleo]]
Categoria:Núcleo/Arte Oriental,[[Categoria:Núcleo]]
Categoria:Núcleo/Arte Oriental,[[Categoria:Núcleo]]
Categoria:Núcleo/Arte Oriental,[[Categoria:Núcleo]]
Categoria:Núcleo/Arte Oriental,[[Categoria:Núcleo]]
Categoria:Núcleo/Arte Oriental,[[Categoria:Núcleo]]
Categoria:Núcleo/Núcleo desconhecido,[[Categoria:Núcleo]]
Categoria:Núcleo/Núcleo desconhecido,[[Categoria:Núcleo]]
Categoria:Núcleo/Núcleo desconhecido,[[Categoria:Núcleo]]
Categoria:Núcleo/Núcleo desconhecido,[[Categoria:Núcleo]]
Categoria:Núcleo/Mobiliário Europeu,[[Categoria:Núcleo]]
Categoria:Núcleo/Mobiliário Europeu,[[Categoria:Núcleo]]
Categoria:Núcleo/Núcleo desconhecido,[[Categoria:Núcleo]]
Categoria:Núcleo/Núcleo desconhecido,[[Categoria:Núcleo]]
Categoria:Núcleo/Mobiliário Europeu,[[Categoria:Núcleo]]
Categoria:Núcleo/Arte Oriental,[[Categoria:Núcleo]]
Categoria:Núcleo/Arte Oriental,[[Categoria:Núcleo]]
Categoria:Núcleo/Arte Oriental,[[Categoria:Núcleo]]
Categoria:Núcleo/Arte Oriental,[[Categoria:Núcleo]]
Categoria:Núcleo/Arte Oriental,[[Categoria:Núcleo]]
Categoria:Núcleo/Arte Oriental,[[Categoria:Núcleo]]
Categoria:Núcleo/Arte Oriental,[[Categoria:Núcleo]]
Categoria:Núcleo/Arte Oriental,[[Categoria:Núcleo]]
Categoria:Núcleo/Núcleo desconhecido,[[Categoria:Núcleo]]
Categoria:Núcleo/Núcleo desconhecido,[[Categoria:Núcleo]]
Categoria:Núcleo/Núcleo desconhecido,[[Categoria:Núcleo]]
Categoria:Núcleo/Pintura Européia - Francesa (Século XVIII e XX),[[Categoria:Núcleo]]
Categoria:Núcleo/Núcleo desconhecido,[[Categoria:Núcleo]]
Categoria:Núcleo/Núcleo desconhecido,[[Categoria:Núcleo]]
Categoria:Núcleo/Núcleo desconhecido,[[Categoria:Núcleo]]
Categoria:Núcleo/Núcleo desconhecido,[[Categoria:Núcleo]]
Categoria:Núcleo/Núcleo desconhecido,[[Categoria:Núcleo]]
Categoria:Núcleo/Núcleo desconhecido,[[Categoria:Núcleo]]
Categoria:Núcleo/Núcleo desconhecido,[[Categoria:Núcleo]]
Categoria:Núcleo/Núcleo desconhecido,[[Categoria:Núcleo]]
Categoria:Núcleo/Núcleo desconhecido,[[Categoria:Núcleo]]
Categoria:Núcleo/Núcleo desconhecido,[[Categoria:Núcleo]]
Categoria:Núcleo/Núcleo desconhecido,[[Categoria:Núcleo]]
Categoria:Núcleo/Mobiliário Europeu,[[Categoria:Núcleo]]
Categoria:Núcleo/Núcleo desconhecido,[[Categoria:Núcleo]]
Categoria:Núcleo/Arte Oriental,[[Categoria:Núcleo]]
Categoria:Núcleo/Arte Oriental,[[Categoria:Núcleo]]
Categoria:Núcleo/Arte Oriental,[[Categoria:Núcleo]]
Categoria:Núcleo/Arte Oriental,[[Categoria:Núcleo]]
Categoria:Núcleo/Arte Oriental,[[Categoria:Núcleo]]
Categoria:Núcleo/Arte Oriental,[[Categoria:Núcleo]]
Categoria:Núcleo/Arte Oriental,[[Categoria:Núcleo]]
Categoria:Núcleo/Arte Oriental,[[Categoria:Núcleo]]
Categoria:Núcleo/Arte Oriental,[[Categoria:Núcleo]]
Categoria:Núcleo/Arte Brasileira - Século XX,[[Categoria:Núcleo]]
Categoria:Núcleo/Arte Oriental,[[Categoria:Núcleo]]
Categoria:Núcleo/Mobiliário Europeu,[[Categoria:Núcleo]]
Categoria:Núcleo/Mobiliário Europeu,[[Categoria:Núcleo]]
Categoria:Núcleo/Núcleo desconhecido,[[Categoria:Núcleo]]
Categoria:Núcleo/Núcleo desconhecido,[[Categoria:Núcleo]]
Categoria:Núcleo/Núcleo desconhecido,[[Categoria:Núcleo]]
Categoria:Núcleo/Núcleo desconhecido,[[Categoria:Núcleo]]
Categoria:Núcleo/Arte Oriental,[[Categoria:Núcleo]]
Categoria:Núcleo/Arte Oriental,[[Categoria:Núcleo]]
Categoria:Núcleo/Arte Oriental,[[Categoria:Núcleo]]
Categoria:Núcleo/Arte Oriental,[[Categoria:Núcleo]]
Categoria:Núcleo/Núcleo desconhecido,[[Categoria:Núcleo]]
Categoria:Núcleo/Núcleo desconhecido,[[Categoria:Núcleo]]
Categoria:Núcleo/Núcleo desconhecido,[[Categoria:Núcleo]]
Categoria:Núcleo/Arte Oriental,[[Categoria:Núcleo]]
Categoria:Núcleo/Núcleo desconhecido,[[Categoria:Núcleo]]
Categoria:Núcleo/Arte Oriental,[[Categoria:Núcleo]]
Categoria:Núcleo/Antiguidade Clássica,[[Categoria:Núcleo]]
Categoria:Núcleo/Arte Oriental,[[Categoria:Núcleo]]
Categoria:Núcleo/Arte Pré-Colombiana,[[Categoria:Núcleo]]
Categoria:Núcleo/Arte Pré-Colombiana,[[Categoria:Núcleo]]
Categoria:Núcleo/Arte Oriental,[[Categoria:Núcleo]]
Categoria:Núcleo/Arte Oriental,[[Categoria:Núcleo]]
Categoria:Núcleo/Arte Oriental,[[Categoria:Núcleo]]
Categoria:Núcleo/Arte Oriental,[[Categoria:Núcleo]]
Categoria:Núcleo/Arte Oriental,[[Categoria:Núcleo]]
Categoria:Núcleo/Arte Oriental,[[Categoria:Núcleo]]
Categoria:Núcleo/Arte Oriental,[[Categoria:Núcleo]]
Categoria:Núcleo/Prataria - Exposição,[[Categoria:Núcleo]]
Categoria:Núcleo/Prataria - Exposição,[[Categoria:Núcleo]]
Categoria:Núcleo/Núcleo desconhecido,[[Categoria:Núcleo]]
Categoria:Núcleo/Núcleo desconhecido,[[Categoria:Núcleo]]
Categoria:Núcleo/Núcleo desconhecido,[[Categoria:Núcleo]]
Categoria:Núcleo/Núcleo desconhecido,[[Categoria:Núcleo]]
Categoria:Núcleo/Mobiliário Europeu,[[Categoria:Núcleo]]
Categoria:Núcleo/Arte Brasileira - Século XVIII e XIX,[[Categoria:Núcleo]]
Categoria:Núcleo/Arte Oriental,[[Categoria:Núcleo]]
Categoria:Núcleo/Arte Oriental,[[Categoria:Núcleo]]
Categoria:Núcleo/Núcleo desconhecido,[[Categoria:Núcleo]]
Categoria:Núcleo/Núcleo desconhecido,[[Categoria:Núcleo]]
Categoria:Núcleo/Arte Oriental,[[Categoria:Núcleo]]
Categoria:Núcleo/Núcleo desconhecido,[[Categoria:Núcleo]]
Categoria:Núcleo/Núcleo desconhecido,[[Categoria:Núcleo]]
Categoria:Núcleo/Núcleo desconhecido,[[Categoria:Núcleo]]
Categoria:Núcleo/Núcleo desconhecido,[[Categoria:Núcleo]]
Categoria:Núcleo/Núcleo desconhecido,[[Categoria:Núcleo]]
Categoria:Núcleo/Núcleo desconhecido,[[Categoria:Núcleo]]
Categoria:Núcleo/Mobiliário Europeu,[[Categoria:Núcleo]]
Categoria:Núcleo/Arte Oriental,[[Categoria:Núcleo]]
Categoria:Núcleo/Núcleo desconhecido,[[Categoria:Núcleo]]
Categoria:Núcleo/Mobiliário Europeu,[[Categoria:Núcleo]]
Categoria:Núcleo/Mobiliário Brasileiro,[[Categoria:Núcleo]]
Categoria:Núcleo/Arte Oriental,[[Categoria:Núcleo]]
Categoria:Núcleo/Núcleo desconhecido,[[Categoria:Núcleo]]
Categoria:Núcleo/Núcleo desconhecido,[[Categoria:Núcleo]]
Categoria:Núcleo/Mobiliário Europeu,[[Categoria:Núcleo]]
Categoria:Núcleo/Arte Oriental,[[Categoria:Núcleo]]
Categoria:Núcleo/Núcleo desconhecido,[[Categoria:Núcleo]]
Categoria:Núcleo/Prataria - Exposição,[[Categoria:Núcleo]]
Categoria:Núcleo/Prataria - Exposição,[[Categoria:Núcleo]]
Categoria:Núcleo/Prataria - Exposição,[[Categoria:Núcleo]]
Categoria:Núcleo/Prataria - Exposição,[[Categoria:Núcleo]]
Categoria:Núcleo/Arte Oriental,[[Categoria:Núcleo]]
Categoria:Núcleo/Prataria - Exposição,[[Categoria:Núcleo]]
Categoria:Núcleo/Prataria - Exposição,[[Categoria:Núcleo]]
Categoria:Núcleo/Mobiliário Europeu,[[Categoria:Núcleo]]
Categoria:Núcleo/Núcleo desconhecido,[[Categoria:Núcleo]]
Categoria:Núcleo/Arte Brasileira - Século XX,[[Categoria:Núcleo]]
Categoria:Núcleo/Prataria - Exposição,[[Categoria:Núcleo]]
Categoria:Núcleo/Antiguidade Clássica,[[Categoria:Núcleo]]
Categoria:Núcleo/Arte Oriental,[[Categoria:Núcleo]]
Categoria:Núcleo/Arte Oriental,[[Categoria:Núcleo]]
Categoria:Núcleo/Arte Pré-Colombiana,[[Categoria:Núcleo]]
Categoria:Núcleo/Arte Pré-Colombiana,[[Categoria:Núcleo]]
Categoria:Núcleo/Arte Pré-Colombiana,[[Categoria:Núcleo]]
Categoria:Núcleo/Arte Africana,[[Categoria:Núcleo]]
Categoria:Núcleo/Arte Africana,[[Categoria:Núcleo]]
Categoria:Núcleo/Arte Africana,[[Categoria:Núcleo]]
Categoria:Núcleo/Arte Africana,[[Categoria:Núcleo]]
Categoria:Núcleo/Arte Africana,[[Categoria:Núcleo]]
Categoria:Núcleo/Arte Africana,[[Categoria:Núcleo]]
Categoria:Núcleo/Arte Africana,[[Categoria:Núcleo]]
Categoria:Núcleo/Arte Africana,[[Categoria:Núcleo]]
Categoria:Núcleo/Arte Africana,[[Categoria:Núcleo]]
Categoria:Núcleo/Arte Africana,[[Categoria:Núcleo]]
Categoria:Núcleo/Arte Africana,[[Categoria:Núcleo]]
Categoria:Núcleo/Arte Africana,[[Categoria:Núcleo]]
Categoria:Núcleo/Arte Pré-Colombiana,[[Categoria:Núcleo]]
Categoria:Núcleo/Núcleo desconhecido,[[Categoria:Núcleo]]
Categoria:Núcleo/Núcleo desconhecido,[[Categoria:Núcleo]]
Categoria:Núcleo/Núcleo desconhecido,[[Categoria:Núcleo]]
Categoria:Núcleo/Arte Brasileira - Século XX,[[Categoria:Núcleo]]
Categoria:Núcleo/Mobiliário Brasileiro,[[Categoria:Núcleo]]
Categoria:Núcleo/Núcleo desconhecido,[[Categoria:Núcleo]]
Categoria:Núcleo/Núcleo desconhecido,[[Categoria:Núcleo]]
Categoria:Núcleo/Mobiliário Europeu,[[Categoria:Núcleo]]
Categoria:Núcleo/Mobiliário Europeu,[[Categoria:Núcleo]]
Categoria:Núcleo/Núcleo desconhecido,[[Categoria:Núcleo]]
Categoria:Núcleo/Núcleo desconhecido,[[Categoria:Núcleo]]
Categoria:Núcleo/Núcleo desconhecido,[[Categoria:Núcleo]]
Categoria:Núcleo/Núcleo desconhecido,[[Categoria:Núcleo]]
Categoria:Núcleo/Núcleo desconhecido,[[Categoria:Núcleo]]
Categoria:Núcleo/Núcleo desconhecido,[[Categoria:Núcleo]]
Categoria:Núcleo/Prataria - Exposição,[[Categoria:Núcleo]]
Categoria:Núcleo/Prataria - Exposição,[[Categoria:Núcleo]]
Categoria:Núcleo/Prataria - Exposição,[[Categoria:Núcleo]]
Categoria:Núcleo/Núcleo desconhecido,[[Categoria:Núcleo]]
Categoria:Núcleo/Núcleo desconhecido,[[Categoria:Núcleo]]
Categoria:Núcleo/Núcleo desconhecido,[[Categoria:Núcleo]]
Categoria:Núcleo/Núcleo desconhecido,[[Categoria:Núcleo]]
Categoria:Núcleo/Arte Pré-Colombiana,[[Categoria:Núcleo]]
Categoria:Núcleo/Arte Brasileira - Século XVIII e XIX,[[Categoria:Núcleo]]
Categoria:Núcleo/Núcleo desconhecido,[[Categoria:Núcleo]]
Categoria:Núcleo/Núcleo desconhecido,[[Categoria:Núcleo]]
Categoria:Núcleo/Núcleo desconhecido,[[Categoria:Núcleo]]
Categoria:Núcleo/Núcleo desconhecido,[[Categoria:Núcleo]]
Categoria:Núcleo/Núcleo desconhecido,[[Categoria:Núcleo]]
Categoria:Núcleo/Núcleo desconhecido,[[Categoria:Núcleo]]
Categoria:Núcleo/Núcleo desconhecido,[[Categoria:Núcleo]]
Categoria:Núcleo/Núcleo desconhecido,[[Categoria:Núcleo]]
Categoria:Núcleo/Núcleo desconhecido,[[Categoria:Núcleo]]
Categoria:Núcleo/Núcleo desconhecido,[[Categoria:Núcleo]]
Categoria:Núcleo/Núcleo desconhecido,[[Categoria:Núcleo]]
Categoria:Núcleo/Núcleo desconhecido,[[Categoria:Núcleo]]
Categoria:Núcleo/Núcleo desconhecido,[[Categoria:Núcleo]]
Categoria:Núcleo/Núcleo desconhecido,[[Categoria:Núcleo]]
Categoria:Núcleo/Núcleo desconhecido,[[Categoria:Núcleo]]
Categoria:Núcleo/Arte Oriental,[[Categoria:Núcleo]]
Categoria:Núcleo/Prataria - Uso,[[Categoria:Núcleo]]
Categoria:Núcleo/Prataria - Uso,[[Categoria:Núcleo]]
Categoria:Núcleo/Arte Oriental,[[Categoria:Núcleo]]
Categoria:Núcleo/Arte Oriental,[[Categoria:Núcleo]]
Categoria:Núcleo/Núcleo desconhecido,[[Categoria:Núcleo]]
Categoria:Núcleo/Núcleo desconhecido,[[Categoria:Núcleo]]
Categoria:Núcleo/Núcleo desconhecido,[[Categoria:Núcleo]]
Categoria:Núcleo/Núcleo desconhecido,[[Categoria:Núcleo]]
Categoria:Núcleo/Núcleo desconhecido,[[Categoria:Núcleo]]
Categoria:Núcleo/Prataria - Uso,[[Categoria:Núcleo]]
Categoria:Núcleo/Núcleo desconhecido,[[Categoria:Núcleo]]
Categoria:Núcleo/Núcleo desconhecido,[[Categoria:Núcleo]]
Categoria:Núcleo/Núcleo desconhecido,[[Categoria:Núcleo]]
Categoria:Núcleo/Núcleo desconhecido,[[Categoria:Núcleo]]
Categoria:Núcleo/Prataria - Uso,[[Categoria:Núcleo]]
Categoria:Núcleo/Núcleo desconhecido,[[Categoria:Núcleo]]
Categoria:Núcleo/Núcleo desconhecido,[[Categoria:Núcleo]]
Categoria:Núcleo/Prataria - Uso,[[Categoria:Núcleo]]
Categoria:Núcleo/Núcleo desconhecido,[[Categoria:Núcleo]]
Categoria:Núcleo/Núcleo desconhecido,[[Categoria:Núcleo]]
Categoria:Núcleo/Arte Oriental,[[Categoria:Núcleo]]
Categoria:Núcleo/Núcleo desconhecido,[[Categoria:Núcleo]]
Categoria:Núcleo/Núcleo desconhecido,[[Categoria:Núcleo]]
Categoria:Núcleo/Núcleo desconhecido,[[Categoria:Núcleo]]
Categoria:Núcleo/Núcleo desconhecido,[[Categoria:Núcleo]]
Categoria:Núcleo/Núcleo desconhecido,[[Categoria:Núcleo]]
Categoria:Núcleo/Núcleo desconhecido,[[Categoria:Núcleo]]
Categoria:Núcleo/Núcleo desconhecido,[[Categoria:Núcleo]]
Categoria:Núcleo/Núcleo desconhecido,[[Categoria:Núcleo]]
Categoria:Núcleo/Arte Brasileira - Século XVIII e XIX,[[Categoria:Núcleo]]
Categoria:Núcleo/Núcleo desconhecido,[[Categoria:Núcleo]]
Categoria:Núcleo/Prataria - Uso,[[Categoria:Núcleo]]
Categoria:Núcleo/Núcleo desconhecido,[[Categoria:Núcleo]]
Categoria:Núcleo/Núcleo desconhecido,[[Categoria:Núcleo]]
Categoria:Núcleo/Núcleo desconhecido,[[Categoria:Núcleo]]
Categoria:Núcleo/Prataria - Uso,[[Categoria:Núcleo]]
Categoria:Núcleo/Núcleo desconhecido,[[Categoria:Núcleo]]
Categoria:Núcleo/Prataria - Uso,[[Categoria:Núcleo]]
Categoria:Núcleo/Núcleo desconhecido,[[Categoria:Núcleo]]
Categoria:Núcleo/Arte Africana,[[Categoria:Núcleo]]
Categoria:Núcleo/Prataria - Uso,[[Categoria:Núcleo]]
Categoria:Núcleo/Arte Oriental,[[Categoria:Núcleo]]
Categoria:Núcleo/Núcleo desconhecido,[[Categoria:Núcleo]]
Categoria:Núcleo/Núcleo desconhecido,[[Categoria:Núcleo]]
Categoria:Núcleo/Núcleo desconhecido,[[Categoria:Núcleo]]
Categoria:Núcleo/Núcleo desconhecido,[[Categoria:Núcleo]]
Categoria:Núcleo/Núcleo desconhecido,[[Categoria:Núcleo]]
Categoria:Núcleo/Núcleo desconhecido,[[Categoria:Núcleo]]
Categoria:Núcleo/Núcleo desconhecido,[[Categoria:Núcleo]]
Categoria:Núcleo/Núcleo desconhecido,[[Categoria:Núcleo]]
Categoria:Núcleo/Núcleo desconhecido,[[Categoria:Núcleo]]
Categoria:Núcleo/Arte Oriental,[[Categoria:Núcleo]]
Categoria:Núcleo/Arte Oriental,[[Categoria:Núcleo]]
Categoria:Núcleo/Arte Oriental,[[Categoria:Núcleo]]
Categoria:Núcleo/Mobiliário Europeu,[[Categoria:Núcleo]]
Categoria:Núcleo/Mobiliário Europeu,[[Categoria:Núcleo]]
Categoria:Núcleo/Mobiliário Europeu,[[Categoria:Núcleo]]
Categoria:Núcleo/Arte Oriental,[[Categoria:Núcleo]]
Categoria:Núcleo/Núcleo desconhecido,[[Categoria:Núcleo]]
Categoria:Núcleo/Prataria - Uso,[[Categoria:Núcleo]]
Categoria:Núcleo/Prataria - Uso,[[Categoria:Núcleo]]
Categoria:Núcleo/Prataria - Uso,[[Categoria:Núcleo]]
Categoria:Núcleo/Núcleo desconhecido,[[Categoria:Núcleo]]
Categoria:Núcleo/Arte Oriental,[[Categoria:Núcleo]]
Categoria:Núcleo/Arte Oriental,[[Categoria:Núcleo]]
Categoria:Núcleo/Arte Oriental,[[Categoria:Núcleo]]
Categoria:Núcleo/Arte Oriental,[[Categoria:Núcleo]]
Categoria:Núcleo/Arte Oriental,[[Categoria:Núcleo]]
Categoria:Núcleo/Arte Oriental,[[Categoria:Núcleo]]
Categoria:Núcleo/Arte Oriental,[[Categoria:Núcleo]]
Categoria:Núcleo/Arte Oriental,[[Categoria:Núcleo]]
Categoria:Núcleo/Arte Oriental,[[Categoria:Núcleo]]
Categoria:Núcleo/Arte Oriental,[[Categoria:Núcleo]]
Categoria:Núcleo/Arte Oriental,[[Categoria:Núcleo]]
Categoria:Núcleo/Arte Oriental,[[Categoria:Núcleo]]
Categoria:Núcleo/Arte Oriental,[[Categoria:Núcleo]]
Categoria:Núcleo/Arte Oriental,[[Categoria:Núcleo]]
Categoria:Núcleo/Arte Oriental,[[Categoria:Núcleo]]
Categoria:Núcleo/Arte Oriental,[[Categoria:Núcleo]]
Categoria:Núcleo/Arte Oriental,[[Categoria:Núcleo]]
Categoria:Núcleo/Arte Oriental,[[Categoria:Núcleo]]
Categoria:Núcleo/Arte Oriental,[[Categoria:Núcleo]]
Categoria:Núcleo/Arte Oriental,[[Categoria:Núcleo]]
Categoria:Núcleo/Arte Oriental,[[Categoria:Núcleo]]
Categoria:Núcleo/Arte Oriental,[[Categoria:Núcleo]]
Categoria:Núcleo/Arte Oriental,[[Categoria:Núcleo]]
Categoria:Núcleo/Arte Brasileira - Século XVIII e XIX,[[Categoria:Núcleo]]
Categoria:Núcleo/Antiguidade Clássica,[[Categoria:Núcleo]]
Categoria:Núcleo/Arte Oriental,[[Categoria:Núcleo]]
Categoria:Núcleo/Arte Oriental,[[Categoria:Núcleo]]
Categoria:Núcleo/Arte Africana,[[Categoria:Núcleo]]
Categoria:Núcleo/Arte Oriental,[[Categoria:Núcleo]]
Categoria:Núcleo/Arte Oriental,[[Categoria:Núcleo]]
Categoria:Núcleo/Mobiliário Europeu,[[Categoria:Núcleo]]
Categoria:Núcleo/Arte Oriental,[[Categoria:Núcleo]]
Categoria:Núcleo/Arte Oriental,[[Categoria:Núcleo]]
Categoria:Núcleo/Antiguidade Clássica,[[Categoria:Núcleo]]
Categoria:Núcleo/Antiguidade Clássica,[[Categoria:Núcleo]]
Categoria:Núcleo/Antiguidade Clássica,[[Categoria:Núcleo]]
Categoria:Núcleo/Antiguidade Clássica,[[Categoria:Núcleo]]
Categoria:Núcleo/Antiguidade Clássica,[[Categoria:Núcleo]]
Categoria:Núcleo/Antiguidade Clássica,[[Categoria:Núcleo]]
Categoria:Núcleo/Arte Oriental,[[Categoria:Núcleo]]
Categoria:Núcleo/Arte Oriental,[[Categoria:Núcleo]]
Categoria:Núcleo/Arte Oriental,[[Categoria:Núcleo]]
Categoria:Núcleo/Arte Oriental,[[Categoria:Núcleo]]
Categoria:Núcleo/Núcleo desconhecido,[[Categoria:Núcleo]]
Categoria:Núcleo/Mobiliário Europeu,[[Categoria:Núcleo]]
Categoria:Núcleo/Núcleo desconhecido,[[Categoria:Núcleo]]
Categoria:Núcleo/Núcleo desconhecido,[[Categoria:Núcleo]]
Categoria:Núcleo/Núcleo desconhecido,[[Categoria:Núcleo]]
Categoria:Núcleo/Núcleo desconhecido,[[Categoria:Núcleo]]
Categoria:Núcleo/Mobiliário Europeu,[[Categoria:Núcleo]]
Categoria:Núcleo/Mobiliário Europeu,[[Categoria:Núcleo]]
Categoria:Núcleo/Núcleo desconhecido,[[Categoria:Núcleo]]
Categoria:Núcleo/Arte Oriental,[[Categoria:Núcleo]]
Categoria:Núcleo/Arte Oriental,[[Categoria:Núcleo]]
Categoria:Núcleo/Arte Oriental,[[Categoria:Núcleo]]
Categoria:Núcleo/Núcleo desconhecido,[[Categoria:Núcleo]]
Categoria:Núcleo/Núcleo desconhecido,[[Categoria:Núcleo]]
Categoria:Núcleo/Arte Oriental,[[Categoria:Núcleo]]
Categoria:Núcleo/Arte Oriental,[[Categoria:Núcleo]]
Categoria:Núcleo/Arte Oriental,[[Categoria:Núcleo]]
Categoria:Núcleo/Arte Oriental,[[Categoria:Núcleo]]
Categoria:Núcleo/Antiguidade Clássica,[[Categoria:Núcleo]]
Categoria:Núcleo/Antiguidade Clássica,[[Categoria:Núcleo]]
Categoria:Núcleo/Mobiliário Europeu,[[Categoria:Núcleo]]
Categoria:Núcleo/Arte Oriental,[[Categoria:Núcleo]]
Categoria:Núcleo/Núcleo desconhecido,[[Categoria:Núcleo]]
Categoria:Núcleo/Arte Oriental,[[Categoria:Núcleo]]
Categoria:Núcleo/Arte Oriental,[[Categoria:Núcleo]]
Categoria:Núcleo/Arte Oriental,[[Categoria:Núcleo]]
Categoria:Núcleo/Arte Oriental,[[Categoria:Núcleo]]
Categoria:Núcleo/Arte Oriental,[[Categoria:Núcleo]]
Categoria:Núcleo/Arte Oriental,[[Categoria:Núcleo]]
Categoria:Núcleo/Mobiliário Brasileiro,[[Categoria:Núcleo]]
Categoria:Núcleo/Mobiliário Europeu,[[Categoria:Núcleo]]
Categoria:Núcleo/Arte Oriental,[[Categoria:Núcleo]]
Categoria:Núcleo/Arte Oriental,[[Categoria:Núcleo]]
Categoria:Núcleo/Arte Oriental,[[Categoria:Núcleo]]
Categoria:Núcleo/Arte Oriental,[[Categoria:Núcleo]]
Categoria:Núcleo/Arte Oriental,[[Categoria:Núcleo]]
Categoria:Núcleo/Antiguidade Clássica,[[Categoria:Núcleo]]
Categoria:Núcleo/Antiguidade Clássica,[[Categoria:Núcleo]]
Categoria:Núcleo/Arte Oriental,[[Categoria:Núcleo]]
Categoria:Núcleo/Antiguidade Clássica,[[Categoria:Núcleo]]
Categoria:Núcleo/Mobiliário Europeu,[[Categoria:Núcleo]]
Categoria:Núcleo/Mobiliário Europeu,[[Categoria:Núcleo]]
Categoria:Núcleo/Mobiliário Europeu,[[Categoria:Núcleo]]
Categoria:Núcleo/Mobiliário Europeu,[[Categoria:Núcleo]]
Categoria:Núcleo/Núcleo desconhecido,[[Categoria:Núcleo]]
Categoria:Núcleo/Núcleo desconhecido,[[Categoria:Núcleo]]
Categoria:Núcleo/Núcleo desconhecido,[[Categoria:Núcleo]]
Categoria:Núcleo/Arte Oriental,[[Categoria:Núcleo]]
Categoria:Núcleo/Arte Oriental,[[Categoria:Núcleo]]
Categoria:Núcleo/Mobiliário Europeu,[[Categoria:Núcleo]]
Categoria:Núcleo/Arte Oriental,[[Categoria:Núcleo]]
Categoria:Núcleo/Arte Oriental,[[Categoria:Núcleo]]
Categoria:Núcleo/Arte Oriental,[[Categoria:Núcleo]]
Categoria:Núcleo/Núcleo desconhecido,[[Categoria:Núcleo]]
Categoria:Núcleo/Núcleo desconhecido,[[Categoria:Núcleo]]
Categoria:Núcleo/Arte Oriental,[[Categoria:Núcleo]]
Categoria:Núcleo/Arte Oriental,[[Categoria:Núcleo]]
Categoria:Núcleo/Arte Oriental,[[Categoria:Núcleo]]
Categoria:Núcleo/Arte Oriental,[[Categoria:Núcleo]]
Categoria:Núcleo/Arte Oriental,[[Categoria:Núcleo]]
Categoria:Núcleo/Núcleo desconhecido,[[Categoria:Núcleo]]
Categoria:Núcleo/Núcleo desconhecido,[[Categoria:Núcleo]]
Categoria:Núcleo/Núcleo desconhecido,[[Categoria:Núcleo]]
Categoria:Núcleo/Núcleo desconhecido,[[Categoria:Núcleo]]
Categoria:Núcleo/Prataria - Exposição,[[Categoria:Núcleo]]
Categoria:Núcleo/Núcleo desconhecido,[[Categoria:Núcleo]]
Categoria:Núcleo/Núcleo desconhecido,[[Categoria:Núcleo]]
Categoria:Núcleo/Núcleo desconhecido,[[Categoria:Núcleo]]
Categoria:Núcleo/Núcleo desconhecido,[[Categoria:Núcleo]]
Categoria:Núcleo/Arte Brasileira - Século XVIII e XIX,[[Categoria:Núcleo]]
Categoria:Núcleo/Arte Brasileira - Século XVIII e XIX,[[Categoria:Núcleo]]
Categoria:Núcleo/Arte Brasileira - Século XVIII e XIX,[[Categoria:Núcleo]]
Categoria:Núcleo/Arte Brasileira - Século XVIII e XIX,[[Categoria:Núcleo]]
Categoria:Núcleo/Arte Brasileira - Século XVIII e XIX,[[Categoria:Núcleo]]
Categoria:Núcleo/Mobiliário Europeu,[[Categoria:Núcleo]]
Categoria:Núcleo/Núcleo desconhecido,[[Categoria:Núcleo]]
Categoria:Núcleo/Núcleo desconhecido,[[Categoria:Núcleo]]
Categoria:Núcleo/Arte Brasileira - Século XVIII e XIX,[[Categoria:Núcleo]]
Categoria:Núcleo/Arte Brasileira - Século XVIII e XIX,[[Categoria:Núcleo]]
Categoria:Núcleo/Núcleo desconhecido,[[Categoria:Núcleo]]
Categoria:Núcleo/Núcleo desconhecido,[[Categoria:Núcleo]]
Categoria:Núcleo/Arte Oriental,[[Categoria:Núcleo]]
Categoria:Núcleo/Arte Brasileira - Século XX,[[Categoria:Núcleo]]
Categoria:Núcleo/Mobiliário Europeu,[[Categoria:Núcleo]]
Categoria:Núcleo/Mobiliário Europeu,[[Categoria:Núcleo]]
Categoria:Núcleo/Arte Oriental,[[Categoria:Núcleo]]
Categoria:Núcleo/Prataria - Uso,[[Categoria:Núcleo]]
Categoria:Núcleo/Prataria - Uso,[[Categoria:Núcleo]]
Categoria:Núcleo/Arte Brasileira - Século XX,[[Categoria:Núcleo]]
Categoria:Núcleo/Núcleo desconhecido,[[Categoria:Núcleo]]
Categoria:Núcleo/Núcleo desconhecido,[[Categoria:Núcleo]]
Categoria:Núcleo/Núcleo desconhecido,[[Categoria:Núcleo]]
Categoria:Núcleo/Núcleo desconhecido,[[Categoria:Núcleo]]
Categoria:Núcleo/Núcleo desconhecido,[[Categoria:Núcleo]]
Categoria:Núcleo/Núcleo desconhecido,[[Categoria:Núcleo]]
Categoria:Núcleo/Núcleo desconhecido,[[Categoria:Núcleo]]
Categoria:Núcleo/Núcleo desconhecido,[[Categoria:Núcleo]]
Categoria:Núcleo/Núcleo desconhecido,[[Categoria:Núcleo]]
Categoria:Núcleo/Núcleo desconhecido,[[Categoria:Núcleo]]
Categoria:Núcleo/Núcleo desconhecido,[[Categoria:Núcleo]]
Categoria:Núcleo/Núcleo desconhecido,[[Categoria:Núcleo]]
Categoria:Núcleo/Núcleo desconhecido,[[Categoria:Núcleo]]
Categoria:Núcleo/Núcleo desconhecido,[[Categoria:Núcleo]]
Categoria:Núcleo/Núcleo desconhecido,[[Categoria:Núcleo]]
Categoria:Núcleo/Núcleo desconhecido,[[Categoria:Núcleo]]
Categoria:Núcleo/Núcleo desconhecido,[[Categoria:Núcleo]]
Categoria:Núcleo/Núcleo desconhecido,[[Categoria:Núcleo]]
Categoria:Núcleo/Núcleo desconhecido,[[Categoria:Núcleo]]
Categoria:Núcleo/Núcleo desconhecido,[[Categoria:Núcleo]]
Categoria:Núcleo/Núcleo desconhecido,[[Categoria:Núcleo]]
Categoria:Núcleo/Núcleo desconhecido,[[Categoria:Núcleo]]
Categoria:Núcleo/Núcleo desconhecido,[[Categoria:Núcleo]]
Categoria:Núcleo/Núcleo desconhecido,[[Categoria:Núcleo]]
Categoria:Núcleo/Núcleo desconhecido,[[Categoria:Núcleo]]
Categoria:Núcleo/Núcleo desconhecido,[[Categoria:Núcleo]]
Categoria:Núcleo/Núcleo desconhecido,[[Categoria:Núcleo]]
Categoria:Núcleo/Núcleo desconhecido,[[Categoria:Núcleo]]
Categoria:Núcleo/Núcleo desconhecido,[[Categoria:Núcleo]]
Categoria:Núcleo/Núcleo desconhecido,[[Categoria:Núcleo]]
Categoria:Núcleo/Núcleo desconhecido,[[Categoria:Núcleo]]
Categoria:Núcleo/Arte Brasileira - Século XVIII e XIX,[[Categoria:Núcleo]]
Categoria:Núcleo/Arte Brasileira - Século XVIII e XIX,[[Categoria:Núcleo]]
Categoria:Núcleo/Arte Brasileira - Século XVIII e XIX,[[Categoria:Núcleo]]
Categoria:Núcleo/Arte Brasileira - Século XVIII e XIX,[[Categoria:Núcleo]]
Categoria:Núcleo/Arte Brasileira - Século XVIII e XIX,[[Categoria:Núcleo]]
Categoria:Núcleo/Arte Brasileira - Século XVIII e XIX,[[Categoria:Núcleo]]
Categoria:Núcleo/Mobiliário Brasileiro,[[Categoria:Núcleo]]
Categoria:Núcleo/Mobiliário Brasileiro,[[Categoria:Núcleo]]
Categoria:Núcleo/Núcleo desconhecido,[[Categoria:Núcleo]]
Categoria:Núcleo/Arte Oriental,[[Categoria:Núcleo]]
Categoria:Núcleo/Núcleo desconhecido,[[Categoria:Núcleo]]
Categoria:Núcleo/Núcleo desconhecido,[[Categoria:Núcleo]]
Categoria:Núcleo/Núcleo desconhecido,[[Categoria:Núcleo]]
Categoria:Núcleo/Núcleo desconhecido,[[Categoria:Núcleo]]
Categoria:Núcleo/Núcleo desconhecido,[[Categoria:Núcleo]]
Categoria:Núcleo/Núcleo desconhecido,[[Categoria:Núcleo]]
Categoria:Núcleo/Núcleo desconhecido,[[Categoria:Núcleo]]
Categoria:Núcleo/Núcleo desconhecido,[[Categoria:Núcleo]]
Categoria:Núcleo/Núcleo desconhecido,[[Categoria:Núcleo]]
Categoria:Núcleo/Núcleo desconhecido,[[Categoria:Núcleo]]
Categoria:Núcleo/Núcleo desconhecido,[[Categoria:Núcleo]]
Categoria:Núcleo/Núcleo desconhecido,[[Categoria:Núcleo]]
Categoria:Núcleo/Núcleo desconhecido,[[Categoria:Núcleo]]
Categoria:Núcleo/Núcleo desconhecido,[[Categoria:Núcleo]]
Categoria:Núcleo/Núcleo desconhecido,[[Categoria:Núcleo]]
Categoria:Núcleo/Núcleo desconhecido,[[Categoria:Núcleo]]
Categoria:Núcleo/Núcleo desconhecido,[[Categoria:Núcleo]]
Categoria:Núcleo/Núcleo desconhecido,[[Categoria:Núcleo]]
Categoria:Núcleo/Núcleo desconhecido,[[Categoria:Núcleo]]
Categoria:Núcleo/Núcleo desconhecido,[[Categoria:Núcleo]]
Categoria:Núcleo/Núcleo desconhecido,[[Categoria:Núcleo]]
Categoria:Núcleo/Núcleo desconhecido,[[Categoria:Núcleo]]
Categoria:Núcleo/Núcleo desconhecido,[[Categoria:Núcleo]]
Categoria:Núcleo/Núcleo desconhecido,[[Categoria:Núcleo]]
Categoria:Núcleo/Pintura Européia - Italiana (Século XVI ao XVII),[[Categoria:Núcleo]]
Categoria:Núcleo/Pintura Européia - Francesa (Século XVIII e XX),[[Categoria:Núcleo]]
Categoria:Núcleo/Pintura Européia - Italiana (Século XVI ao XVII),[[Categoria:Núcleo]]
Categoria:Núcleo/Pintura Européia - Italiana (Século XVI ao XVII),[[Categoria:Núcleo]]
Categoria:Núcleo/Arte Oriental,[[Categoria:Núcleo]]
Categoria:Núcleo/Pintura Européia - Holandesa (Século XV ao XVII),[[Categoria:Núcleo]]
Categoria:Núcleo/Pintura Européia - Holandesa (Século XV ao XVII),[[Categoria:Núcleo]]
Categoria:Núcleo/Pintura Européia - Holandesa (Século XV ao XVII) (?),[[Categoria:Núcleo]]
Categoria:Núcleo/Pintura Européia - Holandesa (Século XV ao XVII),[[Categoria:Núcleo]]
Categoria:Núcleo/Pintura Européia - Holandesa (Século XV ao XVII),[[Categoria:Núcleo]]
Categoria:Núcleo/Pintura Européia - Holandesa (Século XV ao XVII),[[Categoria:Núcleo]]
Categoria:Núcleo/Pintura Européia - Holandesa (Século XV ao XVII),[[Categoria:Núcleo]]
Categoria:Núcleo/Pintura Européia - Holandesa (Século XV ao XVII),[[Categoria:Núcleo]]
Categoria:Núcleo/Pintura Européia - Holandesa (Século XV ao XVII),[[Categoria:Núcleo]]
Categoria:Núcleo/Pintura Européia - Francesa (Século XVIII e XX),[[Categoria:Núcleo]]
Categoria:Núcleo/Pintura Européia - Holandesa (Século XV ao XVII),[[Categoria:Núcleo]]
Categoria:Núcleo/Pintura Européia - Italiana (Século XVI ao XVII),[[Categoria:Núcleo]]
Categoria:Núcleo/Pintura Européia - Holandesa (Século XV ao XVII),[[Categoria:Núcleo]]
Categoria:Núcleo/Pintura Européia - Holandesa (Século XV ao XVII),[[Categoria:Núcleo]]
Categoria:Núcleo/Pintura Européia - Italiana (Século XVI ao XVII),[[Categoria:Núcleo]]
Categoria:Núcleo/Pintura Européia - Italiana (Século XVI ao XVII),[[Categoria:Núcleo]]
Categoria:Núcleo/Pintura Européia - Holandesa (Século XV ao XVII),[[Categoria:Núcleo]]
Categoria:Núcleo/Pintura Européia - Francesa (Século XVIII e XX),[[Categoria:Núcleo]]
Categoria:Núcleo/Pintura Européia - Francesa (Século XVIII e XX),[[Categoria:Núcleo]]
Categoria:Núcleo/Pintura Européia - Francesa (Século XVIII a XX),[[Categoria:Núcleo]]
Categoria:Núcleo/Arte Brasileira - Século XX,[[Categoria:Núcleo]]
Categoria:Núcleo/Pintura Européia - Francesa (Século XVIII e XX),[[Categoria:Núcleo]]
Categoria:Núcleo/Pintura Européia - Holandesa (Século XV ao XVII),[[Categoria:Núcleo]]
Categoria:Núcleo/Pintura Européia - Holandesa (Século XV ao XVII),[[Categoria:Núcleo]]
Categoria:Núcleo/Arte Brasileira - Século XX,[[Categoria:Núcleo]]
Categoria:Núcleo/Arte Brasileira - Século XX,[[Categoria:Núcleo]]
Categoria:Núcleo/Pintura Européia - Holandesa (Século XV ao XVII),[[Categoria:Núcleo]]
Categoria:Núcleo/Pintura Européia - Francesa (Século XVIII e XX),[[Categoria:Núcleo]]
Categoria:Núcleo/Arte Brasileira - Século XX,[[Categoria:Núcleo]]
Categoria:Núcleo/Pintura Européia - Francesa (Século XVIII e XX),[[Categoria:Núcleo]]
Categoria:Núcleo/Núcleo desconhecido,[[Categoria:Núcleo]]
Categoria:Núcleo/Núcleo desconhecido,[[Categoria:Núcleo]]
Categoria:Núcleo/Núcleo desconhecido,[[Categoria:Núcleo]]
Categoria:Núcleo/Núcleo desconhecido,[[Categoria:Núcleo]]
Categoria:Núcleo/Núcleo desconhecido,[[Categoria:Núcleo]]
Categoria:Núcleo/Núcleo desconhecido,[[Categoria:Núcleo]]
Categoria:Núcleo/Núcleo desconhecido,[[Categoria:Núcleo]]
Categoria:Núcleo/Núcleo desconhecido,[[Categoria:Núcleo]]
Categoria:Núcleo/Pintura Européia - Francesa (Século XVIII e XX),[[Categoria:Núcleo]]
Categoria:Núcleo/Pintura Européia,[[Categoria:Núcleo]]
Categoria:Núcleo/Pintura Européia,[[Categoria:Núcleo]]
Categoria:Núcleo/Pintura Européia - Holandesa (Século XV ao XVII),[[Categoria:Núcleo]]
Categoria:Núcleo/Pintura Européia - Holandesa (Século XV ao XVII),[[Categoria:Núcleo]]
Categoria:Núcleo/Pintura Européia - Italiana (Século XVI ao XVII),[[Categoria:Núcleo]]
Categoria:Núcleo/Núcleo desconhecido,[[Categoria:Núcleo]]
Categoria:Núcleo/Núcleo desconhecido,[[Categoria:Núcleo]]
Categoria:Núcleo/Pintura Européia - Holandesa (Século XV ao XVII),[[Categoria:Núcleo]]
Categoria:Núcleo/Núcleo desconhecido,[[Categoria:Núcleo]]
Categoria:Núcleo/Núcleo desconhecido,[[Categoria:Núcleo]]
Categoria:Núcleo/Pintura Européia - Francesa (Século XVIII e XX),[[Categoria:Núcleo]]
Categoria:Núcleo/Pintura Européia - Francesa (Século XVIII e XX),[[Categoria:Núcleo]]
Categoria:Núcleo/Pintura Européia - Francesa (Século XVIII e XX),[[Categoria:Núcleo]]
Categoria:Núcleo/Pintura Européia - Holandesa (Século XV ao XVII),[[Categoria:Núcleo]]
Categoria:Núcleo/Arte Brasileira - Século XX,[[Categoria:Núcleo]]
Categoria:Núcleo/Pintura Européia - Holandesa (Século XV ao XVII),[[Categoria:Núcleo]]
Categoria:Núcleo/Pintura Européia - Francesa (Século XVIII e XX),[[Categoria:Núcleo]]
Categoria:Núcleo/Pintura Européia - Francesa (Século XVIII e XX),[[Categoria:Núcleo]]
Categoria:Núcleo/Arte Oriental,[[Categoria:Núcleo]]
Categoria:Núcleo/Núcleo desconhecido,[[Categoria:Núcleo]]
Categoria:Núcleo/Arte Oriental,[[Categoria:Núcleo]]
Categoria:Núcleo/Arte Oriental,[[Categoria:Núcleo]]
Categoria:Núcleo/Arte Brasileira - Século XX,[[Categoria:Núcleo]]
Categoria:Núcleo/Núcleo desconhecido,[[Categoria:Núcleo]]
Categoria:Núcleo/Arte Oriental,[[Categoria:Núcleo]]
Categoria:Núcleo/Arte Brasileira - Século XX,[[Categoria:Núcleo]]
Categoria:Núcleo/Arte Brasileira - Século XX,[[Categoria:Núcleo]]
Categoria:Núcleo/Arte Brasileira - Século XX,[[Categoria:Núcleo]]
Categoria:Núcleo/Núcleo desconhecido,[[Categoria:Núcleo]]
Categoria:Núcleo/Núcleo desconhecido,[[Categoria:Núcleo]]
Categoria:Núcleo/Núcleo desconhecido,[[Categoria:Núcleo]]
Categoria:Núcleo/Núcleo desconhecido,[[Categoria:Núcleo]]
Categoria:Núcleo/Pintura Européia,[[Categoria:Núcleo]]
Categoria:Núcleo/Núcleo desconhecido,[[Categoria:Núcleo]]
Categoria:Núcleo/Núcleo desconhecido,[[Categoria:Núcleo]]
Categoria:Núcleo/Núcleo desconhecido,[[Categoria:Núcleo]]
Categoria:Núcleo/Núcleo desconhecido,[[Categoria:Núcleo]]
Categoria:Núcleo/Núcleo desconhecido,[[Categoria:Núcleo]]
Categoria:Núcleo/Núcleo desconhecido,[[Categoria:Núcleo]]
Categoria:Núcleo/Núcleo desconhecido,[[Categoria:Núcleo]]
Categoria:Núcleo/Núcleo desconhecido,[[Categoria:Núcleo]]
Categoria:Núcleo/Núcleo desconhecido,[[Categoria:Núcleo]]
Categoria:Núcleo/Núcleo desconhecido,[[Categoria:Núcleo]]
Categoria:Núcleo/Núcleo desconhecido,[[Categoria:Núcleo]]
Categoria:Núcleo/Núcleo desconhecido,[[Categoria:Núcleo]]
Categoria:Núcleo/Núcleo desconhecido,[[Categoria:Núcleo]]
Categoria:Núcleo/Núcleo desconhecido,[[Categoria:Núcleo]]
Categoria:Núcleo/Núcleo desconhecido,[[Categoria:Núcleo]]
Categoria:Núcleo/Arte Oriental,[[Categoria:Núcleo]]
Categoria:Núcleo/Arte Oriental,[[Categoria:Núcleo]]
Categoria:Núcleo/Arte Oriental,[[Categoria:Núcleo]]
Categoria:Núcleo/Arte Oriental,[[Categoria:Núcleo]]
Categoria:Núcleo/Arte Oriental,[[Categoria:Núcleo]]
Categoria:Núcleo/Arte Oriental,[[Categoria:Núcleo]]
Categoria:Núcleo/Núcleo desconhecido,[[Categoria:Núcleo]]
Categoria:Núcleo/Prataria - Uso,[[Categoria:Núcleo]]
Categoria:Núcleo/Prataria - Uso,[[Categoria:Núcleo]]
Categoria:Núcleo/Mobiliário Europeu,[[Categoria:Núcleo]]
Categoria:Núcleo/Arte Oriental,[[Categoria:Núcleo]]
Categoria:Núcleo/Arte Oriental,[[Categoria:Núcleo]]
Categoria:Núcleo/Mobiliário Brasileiro,[[Categoria:Núcleo]]
Categoria:Núcleo/Mobiliário Brasileiro,[[Categoria:Núcleo]]
Categoria:Núcleo/Mobiliário Brasileiro,[[Categoria:Núcleo]]
Categoria:Núcleo/Arte Oriental,[[Categoria:Núcleo]]
Categoria:Núcleo/Núcleo desconhecido,[[Categoria:Núcleo]]
Categoria:Núcleo/Núcleo desconhecido,[[Categoria:Núcleo]]
Categoria:Núcleo/Núcleo desconhecido,[[Categoria:Núcleo]]
Categoria:Núcleo/Núcleo desconhecido,[[Categoria:Núcleo]]
Categoria:Núcleo/Núcleo desconhecido,[[Categoria:Núcleo]]
Categoria:Núcleo/Núcleo desconhecido,[[Categoria:Núcleo]]
Categoria:Núcleo/Núcleo desconhecido,[[Categoria:Núcleo]]
Categoria:Núcleo/Núcleo desconhecido,[[Categoria:Núcleo]]
Categoria:Núcleo/Núcleo desconhecido,[[Categoria:Núcleo]]
Categoria:Núcleo/Núcleo desconhecido,[[Categoria:Núcleo]]
Categoria:Núcleo/Núcleo desconhecido,[[Categoria:Núcleo]]
Categoria:Núcleo/Núcleo desconhecido,[[Categoria:Núcleo]]
Categoria:Núcleo/Núcleo desconhecido,[[Categoria:Núcleo]]
Categoria:Núcleo/Prataria - Uso,[[Categoria:Núcleo]]
Categoria:Núcleo/Prataria - Uso,[[Categoria:Núcleo]]
Categoria:Núcleo/Prataria - Uso,[[Categoria:Núcleo]]
Categoria:Núcleo/Núcleo desconhecido,[[Categoria:Núcleo]]
Categoria:Núcleo/Núcleo desconhecido,[[Categoria:Núcleo]]
Categoria:Núcleo/Arte Oriental,[[Categoria:Núcleo]]
Categoria:Núcleo/Arte Oriental,[[Categoria:Núcleo]]
Categoria:Núcleo/Arte Oriental,[[Categoria:Núcleo]]
Categoria:Núcleo/Mobiliário Europeu,[[Categoria:Núcleo]]
Categoria:Núcleo/Arte Brasileira - Século XVIII e XIX,[[Categoria:Núcleo]]
Categoria:Núcleo/Núcleo desconhecido,[[Categoria:Núcleo]]
Categoria:Núcleo/Arte Brasileira - Século XVIII e XIX,[[Categoria:Núcleo]]
Categoria:Núcleo/Núcleo desconhecido,[[Categoria:Núcleo]]
Categoria:Núcleo/Núcleo desconhecido,[[Categoria:Núcleo]]
Categoria:Núcleo/Arte Oriental,[[Categoria:Núcleo]]
Categoria:Núcleo/Núcleo desconhecido,[[Categoria:Núcleo]]
Categoria:Núcleo/Núcleo desconhecido,[[Categoria:Núcleo]]
Categoria:Núcleo/Arte Brasileira - Século XX,[[Categoria:Núcleo]]
Categoria:Núcleo/Arte Oriental,[[Categoria:Núcleo]]
Categoria:Núcleo/Arte Oriental,[[Categoria:Núcleo]]
Categoria:Núcleo/Arte Oriental,[[Categoria:Núcleo]]
Categoria:Núcleo/Núcleo desconhecido,[[Categoria:Núcleo]]
Categoria:Núcleo/Núcleo desconhecido,[[Categoria:Núcleo]]
Categoria:Núcleo/Núcleo desconhecido,[[Categoria:Núcleo]]
Categoria:Núcleo/Arte Brasileira - Século XX,[[Categoria:Núcleo]]
Categoria:Núcleo/Núcleo desconhecido,[[Categoria:Núcleo]]
Categoria:Núcleo/Arte Brasileira - Século XX,[[Categoria:Núcleo]]
Categoria:Núcleo/Núcleo desconhecido,[[Categoria:Núcleo]]
Categoria:Núcleo/Núcleo desconhecido,[[Categoria:Núcleo]]
Categoria:Núcleo/Arte Brasileira - Século XX,[[Categoria:Núcleo]]
Categoria:Núcleo/Arte Brasileira - Século XX,[[Categoria:Núcleo]]
Categoria:Núcleo/Arte Brasileira - Século XX,[[Categoria:Núcleo]]
Categoria:Núcleo/Arte Brasileira - Século XX,[[Categoria:Núcleo]]
Categoria:Núcleo/Arte Brasileira - Século XX,[[Categoria:Núcleo]]
Categoria:Núcleo/Arte Brasileira - Século XX,[[Categoria:Núcleo]]
Categoria:Núcleo/Núcleo desconhecido,[[Categoria:Núcleo]]
Categoria:Núcleo/Núcleo desconhecido,[[Categoria:Núcleo]]
Categoria:Núcleo/Núcleo desconhecido,[[Categoria:Núcleo]]
Categoria:Núcleo/Núcleo desconhecido,[[Categoria:Núcleo]]
Categoria:Núcleo/Núcleo desconhecido,[[Categoria:Núcleo]]
Categoria:Núcleo/Arte Brasileira - Século XX,[[Categoria:Núcleo]]
Categoria:Núcleo/Núcleo desconhecido,[[Categoria:Núcleo]]
Categoria:Núcleo/Arte Brasileira - Século XX,[[Categoria:Núcleo]]
Categoria:Núcleo/Arte Brasileira - Século XX,[[Categoria:Núcleo]]
Categoria:Núcleo/Arte Brasileira - Século XX,[[Categoria:Núcleo]]
Categoria:Núcleo/Arte Brasileira - Século XX,[[Categoria:Núcleo]]
Categoria:Núcleo/Arte Oriental,[[Categoria:Núcleo]]
Categoria:Núcleo/Arte Oriental,[[Categoria:Núcleo]]
Categoria:Núcleo/Núcleo desconhecido,[[Categoria:Núcleo]]
Categoria:Núcleo/Núcleo desconhecido,[[Categoria:Núcleo]]
Categoria:Núcleo/Núcleo desconhecido,[[Categoria:Núcleo]]
Categoria:Núcleo/Arte Brasileira - Século XX,[[Categoria:Núcleo]]
Categoria:Núcleo/Núcleo desconhecido,[[Categoria:Núcleo]]
Categoria:Núcleo/Núcleo desconhecido,[[Categoria:Núcleo]]
Categoria:Núcleo/Núcleo desconhecido,[[Categoria:Núcleo]]
Categoria:Núcleo/Núcleo desconhecido,[[Categoria:Núcleo]]
Categoria:Núcleo/Núcleo desconhecido,[[Categoria:Núcleo]]
Categoria:Núcleo/Arte Oriental,[[Categoria:Núcleo]]
Categoria:Núcleo/Arte Oriental,[[Categoria:Núcleo]]
Categoria:Núcleo/Arte Oriental,[[Categoria:Núcleo]]
Categoria:Núcleo/Arte Oriental,[[Categoria:Núcleo]]
Categoria:Núcleo/Arte Brasileira - Século XX,[[Categoria:Núcleo]]
Categoria:Núcleo/Arte Brasileira - Século XX,[[Categoria:Núcleo]]
Categoria:Núcleo/Arte Brasileira - Século XX,[[Categoria:Núcleo]]
Categoria:Núcleo/Arte Brasileira - Século XX,[[Categoria:Núcleo]]
Categoria:Núcleo/Arte Brasileira - Século XX,[[Categoria:Núcleo]]
Categoria:Núcleo/Arte Brasileira - Século XX,[[Categoria:Núcleo]]
Categoria:Núcleo/Arte Brasileira - Século XX,[[Categoria:Núcleo]]
Categoria:Núcleo/Arte Brasileira - Século XX,[[Categoria:Núcleo]]
Categoria:Núcleo/Arte Brasileira - Século XX,[[Categoria:Núcleo]]
Categoria:Núcleo/Arte Brasileira - Século XX,[[Categoria:Núcleo]]
Categoria:Núcleo/Arte Brasileira - Século XX,[[Categoria:Núcleo]]
Categoria:Núcleo/Arte Brasileira - Século XX,[[Categoria:Núcleo]]
Categoria:Núcleo/Arte Brasileira - Século XX,[[Categoria:Núcleo]]
Categoria:Núcleo/Arte Brasileira - Século XX,[[Categoria:Núcleo]]
Categoria:Núcleo/Arte Brasileira - Século XX,[[Categoria:Núcleo]]
Categoria:Núcleo/Arte Brasileira - Século XX,[[Categoria:Núcleo]]
Categoria:Núcleo/Arte Brasileira - Século XX,[[Categoria:Núcleo]]
Categoria:Núcleo/Arte Brasileira - Século XX,[[Categoria:Núcleo]]
Categoria:Núcleo/Arte Brasileira - Século XX,[[Categoria:Núcleo]]
Categoria:Núcleo/Arte Brasileira - Século XX,[[Categoria:Núcleo]]
Categoria:Núcleo/Arte Brasileira - Século XX,[[Categoria:Núcleo]]
Categoria:Núcleo/Arte Brasileira - Século XX,[[Categoria:Núcleo]]
Categoria:Núcleo/Arte Brasileira - Século XX,[[Categoria:Núcleo]]
Categoria:Núcleo/Arte Brasileira - Século XX,[[Categoria:Núcleo]]
Categoria:Núcleo/Arte Brasileira - Século XX,[[Categoria:Núcleo]]
Categoria:Núcleo/Arte Brasileira - Século XX,[[Categoria:Núcleo]]
Categoria:Núcleo/Arte Brasileira - Século XX,[[Categoria:Núcleo]]
Categoria:Núcleo/Arte Brasileira - Século XX,[[Categoria:Núcleo]]
Categoria:Núcleo/Arte Brasileira - Século XX,[[Categoria:Núcleo]]
Categoria:Núcleo/Núcleo desconhecido,[[Categoria:Núcleo]]
Categoria:Núcleo/Núcleo desconhecido,[[Categoria:Núcleo]]
Categoria:Núcleo/Núcleo desconhecido,[[Categoria:Núcleo]]
Categoria:Núcleo/Núcleo desconhecido,[[Categoria:Núcleo]]
Categoria:Núcleo/Mobiliário Europeu,[[Categoria:Núcleo]]
Categoria:Núcleo/Mobiliário Europeu,[[Categoria:Núcleo]]
Categoria:Núcleo/Mobiliário Europeu,[[Categoria:Núcleo]]
Categoria:Núcleo/Arte Brasileira - Século XX,[[Categoria:Núcleo]]
Categoria:Núcleo/Arte Brasileira - Século XX,[[Categoria:Núcleo]]
Categoria:Núcleo/Arte Brasileira - Século XX,[[Categoria:Núcleo]]
Categoria:Núcleo/Arte Brasileira - Século XX,[[Categoria:Núcleo]]
Categoria:Núcleo/Arte Brasileira - Século XX,[[Categoria:Núcleo]]
Categoria:Núcleo/Arte Brasileira - Século XX,[[Categoria:Núcleo]]
Categoria:Núcleo/Arte Brasileira - Século XX,[[Categoria:Núcleo]]
Categoria:Núcleo/Arte Brasileira - Século XX,[[Categoria:Núcleo]]
Categoria:Núcleo/Arte Brasileira - Século XX,[[Categoria:Núcleo]]
Categoria:Núcleo/Arte Brasileira - Século XX,[[Categoria:Núcleo]]
Categoria:Núcleo/Núcleo desconhecido,[[Categoria:Núcleo]]
Categoria:Núcleo/Arte Brasileira - Século XX,[[Categoria:Núcleo]]
Categoria:Núcleo/Núcleo desconhecido,[[Categoria:Núcleo]]
Categoria:Núcleo/Núcleo desconhecido,[[Categoria:Núcleo]]
Categoria:Núcleo/Núcleo desconhecido,[[Categoria:Núcleo]]
Categoria:Núcleo/Arte Pré-Colombiana,[[Categoria:Núcleo]]
Categoria:Núcleo/Arte Pré-Colombiana,[[Categoria:Núcleo]]
Categoria:Núcleo/Núcleo desconhecido,[[Categoria:Núcleo]]
Categoria:Núcleo/Núcleo desconhecido,[[Categoria:Núcleo]]
Categoria:Núcleo/Núcleo desconhecido,[[Categoria:Núcleo]]
Categoria:Núcleo/Arte Brasileira - Século XX,[[Categoria:Núcleo]]
Categoria:Núcleo/Núcleo desconhecido,[[Categoria:Núcleo]]
Categoria:Núcleo/Núcleo desconhecido,[[Categoria:Núcleo]]
Categoria:Núcleo/Núcleo desconhecido,[[Categoria:Núcleo]]
Categoria:Núcleo/Núcleo desconhecido,[[Categoria:Núcleo]]
Categoria:Núcleo/Arte Pré-Colombiana,[[Categoria:Núcleo]]
Categoria:Núcleo/Núcleo desconhecido,[[Categoria:Núcleo]]
Categoria:Núcleo/Núcleo desconhecido,[[Categoria:Núcleo]]
Categoria:Núcleo/Núcleo desconhecido,[[Categoria:Núcleo]]
Categoria:Núcleo/Núcleo desconhecido,[[Categoria:Núcleo]]
Categoria:Núcleo/Núcleo desconhecido,[[Categoria:Núcleo]]
Categoria:Núcleo/Núcleo desconhecido,[[Categoria:Núcleo]]
Categoria:Núcleo/Núcleo desconhecido,[[Categoria:Núcleo]]
Categoria:Núcleo/Núcleo desconhecido,[[Categoria:Núcleo]]
Categoria:Núcleo/Núcleo desconhecido,[[Categoria:Núcleo]]
Categoria:Núcleo/Arte Oriental,[[Categoria:Núcleo]]
Categoria:Núcleo/Núcleo desconhecido,[[Categoria:Núcleo]]
Categoria:Núcleo/Núcleo desconhecido,[[Categoria:Núcleo]]
Categoria:Núcleo/Arte Oriental,[[Categoria:Núcleo]]
Categoria:Núcleo/Arte Oriental,[[Categoria:Núcleo]]
Categoria:Núcleo/Núcleo desconhecido,[[Categoria:Núcleo]]
Categoria:Núcleo/Arte Brasileira - Século XX,[[Categoria:Núcleo]]
Categoria:Núcleo/Arte Pré-Colombiana,[[Categoria:Núcleo]]
Categoria:Núcleo/Núcleo desconhecido,[[Categoria:Núcleo]]
Categoria:Núcleo/Arte Oriental,[[Categoria:Núcleo]]
Categoria:Núcleo/Núcleo desconhecido,[[Categoria:Núcleo]]
Categoria:Núcleo/Arte Oriental,[[Categoria:Núcleo]]
Categoria:Núcleo/Núcleo desconhecido,[[Categoria:Núcleo]]
Categoria:Núcleo/Núcleo desconhecido,[[Categoria:Núcleo]]
Categoria:Núcleo/Núcleo desconhecido,[[Categoria:Núcleo]]
Categoria:Núcleo/Núcleo desconhecido,[[Categoria:Núcleo]]
Categoria:Núcleo/Núcleo desconhecido,[[Categoria:Núcleo]]
Categoria:Núcleo/Núcleo desconhecido,[[Categoria:Núcleo]]
Categoria:Núcleo/Núcleo desconhecido,[[Categoria:Núcleo]]
Categoria:Núcleo/Núcleo desconhecido,[[Categoria:Núcleo]]
Categoria:Núcleo/Núcleo desconhecido,[[Categoria:Núcleo]]
Categoria:Núcleo/Núcleo desconhecido,[[Categoria:Núcleo]]
Categoria:Núcleo/Núcleo desconhecido,[[Categoria:Núcleo]]
Categoria:Núcleo/Núcleo desconhecido,[[Categoria:Núcleo]]
Categoria:Núcleo/Núcleo desconhecido,[[Categoria:Núcleo]]
Categoria:Núcleo/Núcleo desconhecido,[[Categoria:Núcleo]]
Categoria:Núcleo/Núcleo desconhecido,[[Categoria:Núcleo]]
Categoria:Núcleo/Núcleo desconhecido,[[Categoria:Núcleo]]
Categoria:Núcleo/Núcleo desconhecido,[[Categoria:Núcleo]]
Categoria:Núcleo/Núcleo desconhecido,[[Categoria:Núcleo]]
Categoria:Núcleo/Núcleo desconhecido,[[Categoria:Núcleo]]
Categoria:Núcleo/Núcleo desconhecido,[[Categoria:Núcleo]]
Categoria:Núcleo/Arte Oriental,[[Categoria:Núcleo]]
Categoria:Núcleo/Núcleo desconhecido,[[Categoria:Núcleo]]
Categoria:Núcleo/Núcleo desconhecido,[[Categoria:Núcleo]]
Categoria:Núcleo/Núcleo desconhecido,[[Categoria:Núcleo]]
Categoria:Núcleo/Núcleo desconhecido,[[Categoria:Núcleo]]
Categoria:Núcleo/Núcleo desconhecido,[[Categoria:Núcleo]]
Categoria:Núcleo/Núcleo desconhecido,[[Categoria:Núcleo]]
Categoria:Núcleo/Arte Oriental,[[Categoria:Núcleo]]
Categoria:Núcleo/Arte Oriental,[[Categoria:Núcleo]]
Categoria:Núcleo/Núcleo desconhecido,[[Categoria:Núcleo]]
Categoria:Núcleo/Núcleo desconhecido,[[Categoria:Núcleo]]
Categoria:Núcleo/Núcleo desconhecido,[[Categoria:Núcleo]]
Categoria:Núcleo/Núcleo desconhecido,[[Categoria:Núcleo]]
Categoria:Núcleo/Núcleo desconhecido,[[Categoria:Núcleo]]
Categoria:Núcleo/Núcleo desconhecido,[[Categoria:Núcleo]]
Categoria:Núcleo/Núcleo desconhecido,[[Categoria:Núcleo]]
Categoria:Núcleo/Núcleo desconhecido,[[Categoria:Núcleo]]
Categoria:Núcleo/Núcleo desconhecido,[[Categoria:Núcleo]]
Categoria:Núcleo/Núcleo desconhecido,[[Categoria:Núcleo]]
Categoria:Núcleo/Prataria - Exposição,[[Categoria:Núcleo]]
Categoria:Núcleo/Núcleo desconhecido,[[Categoria:Núcleo]]
Categoria:Núcleo/Moda,[[Categoria:Núcleo]]
Categoria:Núcleo/Núcleo desconhecido,[[Categoria:Núcleo]]
Categoria:Núcleo/Arte Brasileira - Século XX,[[Categoria:Núcleo]]
Categoria:Núcleo/Núcleo desconhecido,[[Categoria:Núcleo]]
Categoria:Núcleo/Núcleo desconhecido,[[Categoria:Núcleo]]
Categoria:Núcleo/Núcleo desconhecido,[[Categoria:Núcleo]]
Categoria:Núcleo/Núcleo desconhecido,[[Categoria:Núcleo]]
Categoria:Núcleo/Núcleo desconhecido,[[Categoria:Núcleo]]
Categoria:Núcleo/Núcleo desconhecido,[[Categoria:Núcleo]]
Categoria:Núcleo/Núcleo desconhecido,[[Categoria:Núcleo]]
Categoria:Núcleo/Núcleo desconhecido,[[Categoria:Núcleo]]
Categoria:Núcleo/Núcleo desconhecido,[[Categoria:Núcleo]]
Categoria:Núcleo/Núcleo desconhecido,[[Categoria:Núcleo]]
Categoria:Núcleo/Núcleo desconhecido,[[Categoria:Núcleo]]
Categoria:Núcleo/Núcleo desconhecido,[[Categoria:Núcleo]]
Categoria:Núcleo/Núcleo desconhecido,[[Categoria:Núcleo]]
Categoria:Núcleo/Núcleo desconhecido,[[Categoria:Núcleo]]
Categoria:Núcleo/Prataria - Uso,[[Categoria:Núcleo]]
Categoria:Núcleo/Prataria - Uso,[[Categoria:Núcleo]]
Categoria:Núcleo/Prataria - Uso,[[Categoria:Núcleo]]
Categoria:Núcleo/Prataria - Uso,[[Categoria:Núcleo]]
Categoria:Núcleo/Prataria - Uso,[[Categoria:Núcleo]]
Categoria:Núcleo/Prataria - Uso,[[Categoria:Núcleo]]
Categoria:Núcleo/Prataria - Exposição,[[Categoria:Núcleo]]
Categoria:Núcleo/Prataria - Exposição,[[Categoria:Núcleo]]
Categoria:Núcleo/Prataria - Uso,[[Categoria:Núcleo]]
Categoria:Núcleo/Prataria - Uso,[[Categoria:Núcleo]]
Categoria:Núcleo/Prataria - Exposição,[[Categoria:Núcleo]]
Categoria:Núcleo/Prataria - Uso,[[Categoria:Núcleo]]
Categoria:Núcleo/Prataria - Uso,[[Categoria:Núcleo]]
Categoria:Núcleo/Prataria - Uso,[[Categoria:Núcleo]]
Categoria:Núcleo/Prataria - Uso,[[Categoria:Núcleo]]
Categoria:Núcleo/Prataria - Uso,[[Categoria:Núcleo]]
Categoria:Núcleo/Prataria - Uso,[[Categoria:Núcleo]]
Categoria:Núcleo/Prataria - Exposição,[[Categoria:Núcleo]]
Categoria:Núcleo/Prataria - Exposição,[[Categoria:Núcleo]]
Categoria:Núcleo/Prataria - Exposição,[[Categoria:Núcleo]]
Categoria:Núcleo/Prataria - Uso,[[Categoria:Núcleo]]
Categoria:Núcleo/Prataria - Exposição,[[Categoria:Núcleo]]
Categoria:Núcleo/Prataria - Exposição,[[Categoria:Núcleo]]
Categoria:Núcleo/Prataria - Exposição,[[Categoria:Núcleo]]
Categoria:Núcleo/Prataria - Exposição,[[Categoria:Núcleo]]
Categoria:Núcleo/Prataria - Exposição,[[Categoria:Núcleo]]
Categoria:Núcleo/Prataria - Exposição,[[Categoria:Núcleo]]
Categoria:Núcleo/Prataria - Exposição,[[Categoria:Núcleo]]
Categoria:Núcleo/Prataria - Exposição,[[Categoria:Núcleo]]
Categoria:Núcleo/Prataria - Uso,[[Categoria:Núcleo]]
Categoria:Núcleo/Prataria - Exposição,[[Categoria:Núcleo]]
Categoria:Núcleo/Prataria - Uso,[[Categoria:Núcleo]]
Categoria:Núcleo/Prataria - Uso,[[Categoria:Núcleo]]
Categoria:Núcleo/Prataria - Uso,[[Categoria:Núcleo]]
Categoria:Núcleo/Prataria - Uso,[[Categoria:Núcleo]]
Categoria:Núcleo/Prataria - Uso,[[Categoria:Núcleo]]
Categoria:Núcleo/Prataria - Uso,[[Categoria:Núcleo]]
Categoria:Núcleo/Prataria - Exposição,[[Categoria:Núcleo]]
Categoria:Núcleo/Prataria - Exposição,[[Categoria:Núcleo]]
Categoria:Núcleo/Prataria - Exposição,[[Categoria:Núcleo]]
Categoria:Núcleo/Prataria - Exposição,[[Categoria:Núcleo]]
Categoria:Núcleo/Prataria - Exposição,[[Categoria:Núcleo]]
Categoria:Núcleo/Prataria - Exposição,[[Categoria:Núcleo]]
Categoria:Núcleo/Prataria - Exposição,[[Categoria:Núcleo]]
Categoria:Núcleo/Prataria - Exposição,[[Categoria:Núcleo]]
Categoria:Núcleo/Prataria - Exposição,[[Categoria:Núcleo]]
Categoria:Núcleo/Prataria - Exposição,[[Categoria:Núcleo]]
Categoria:Núcleo/Prataria - Exposição,[[Categoria:Núcleo]]
Categoria:Núcleo/Prataria - Exposição,[[Categoria:Núcleo]]
Categoria:Núcleo/Prataria - Exposição,[[Categoria:Núcleo]]
Categoria:Núcleo/Prataria - Uso,[[Categoria:Núcleo]]
Categoria:Núcleo/Prataria - Exposição,[[Categoria:Núcleo]]
Categoria:Núcleo/Prataria - Exposição,[[Categoria:Núcleo]]
Categoria:Núcleo/Prataria - Exposição,[[Categoria:Núcleo]]
Categoria:Núcleo/Prataria - Exposição,[[Categoria:Núcleo]]
Categoria:Núcleo/Prataria - Uso,[[Categoria:Núcleo]]
Categoria:Núcleo/Prataria - Exposição,[[Categoria:Núcleo]]
Categoria:Núcleo/Prataria - Exposição,[[Categoria:Núcleo]]
Categoria:Núcleo/Prataria - Exposição,[[Categoria:Núcleo]]
Categoria:Núcleo/Prataria - Uso,[[Categoria:Núcleo]]
Categoria:Núcleo/Prataria - Uso,[[Categoria:Núcleo]]
Categoria:Núcleo/Prataria - Uso,[[Categoria:Núcleo]]
Categoria:Núcleo/Prataria - Exposição,[[Categoria:Núcleo]]
Categoria:Núcleo/Prataria - Uso,[[Categoria:Núcleo]]
Categoria:Núcleo/Prataria - Exposição,[[Categoria:Núcleo]]
Categoria:Núcleo/Prataria - Uso,[[Categoria:Núcleo]]
Categoria:Núcleo/Prataria - Uso,[[Categoria:Núcleo]]
Categoria:Núcleo/Prataria - Exposição,[[Categoria:Núcleo]]
Categoria:Núcleo/Prataria - Exposição,[[Categoria:Núcleo]]
Categoria:Núcleo/Prataria - Exposição,[[Categoria:Núcleo]]
Categoria:Núcleo/Prataria - Exposição,[[Categoria:Núcleo]]
Categoria:Núcleo/Prataria - Exposição,[[Categoria:Núcleo]]
Categoria:Núcleo/Prataria - Exposição,[[Categoria:Núcleo]]
Categoria:Núcleo/Prataria - Exposição,[[Categoria:Núcleo]]
Categoria:Núcleo/Prataria - Uso,[[Categoria:Núcleo]]
Categoria:Núcleo/Prataria - Uso,[[Categoria:Núcleo]]
Categoria:Núcleo/Prataria - Uso,[[Categoria:Núcleo]]
Categoria:Núcleo/Prataria - Exposição,[[Categoria:Núcleo]]
Categoria:Núcleo/Prataria - Exposição,[[Categoria:Núcleo]]
Categoria:Núcleo/Prataria - Uso,[[Categoria:Núcleo]]
Categoria:Núcleo/Prataria - Exposição,[[Categoria:Núcleo]]
Categoria:Núcleo/Prataria - Exposição,[[Categoria:Núcleo]]
Categoria:Núcleo/Prataria - Exposição,[[Categoria:Núcleo]]
Categoria:Núcleo/Prataria - Uso,[[Categoria:Núcleo]]
Categoria:Núcleo/Prataria - Uso,[[Categoria:Núcleo]]
Categoria:Núcleo/Prataria - Uso,[[Categoria:Núcleo]]
Categoria:Núcleo/Prataria - Uso,[[Categoria:Núcleo]]
Categoria:Núcleo/Prataria - Uso,[[Categoria:Núcleo]]
Categoria:Núcleo/Prataria - Uso,[[Categoria:Núcleo]]
Categoria:Núcleo/Prataria - Uso,[[Categoria:Núcleo]]
Categoria:Núcleo/Prataria - Uso,[[Categoria:Núcleo]]
Categoria:Núcleo/Prataria - Exposição,[[Categoria:Núcleo]]
Categoria:Núcleo/Prataria - Uso,[[Categoria:Núcleo]]
Categoria:Núcleo/Prataria - Uso,[[Categoria:Núcleo]]
Categoria:Núcleo/Prataria - Exposição,[[Categoria:Núcleo]]
Categoria:Núcleo/Prataria - Exposição,[[Categoria:Núcleo]]
Categoria:Núcleo/Prataria - Exposição,[[Categoria:Núcleo]]
Categoria:Núcleo/Prataria - Exposição,[[Categoria:Núcleo]]
Categoria:Núcleo/Prataria - Uso,[[Categoria:Núcleo]]
Categoria:Núcleo/Prataria - Uso,[[Categoria:Núcleo]]
Categoria:Núcleo/Prataria - Exposição,[[Categoria:Núcleo]]
Categoria:Núcleo/Prataria - Exposição,[[Categoria:Núcleo]]
Categoria:Núcleo/Prataria - Exposição,[[Categoria:Núcleo]]
Categoria:Núcleo/Prataria - Exposição,[[Categoria:Núcleo]]
Categoria:Núcleo/Prataria - Exposição,[[Categoria:Núcleo]]
Categoria:Núcleo/Prataria - Exposição,[[Categoria:Núcleo]]
Categoria:Núcleo/Prataria - Exposição,[[Categoria:Núcleo]]
Categoria:Núcleo/Prataria - Uso,[[Categoria:Núcleo]]
Categoria:Núcleo/Prataria - Uso,[[Categoria:Núcleo]]
Categoria:Núcleo/Prataria - Exposição,[[Categoria:Núcleo]]
Categoria:Núcleo/Prataria - Uso,[[Categoria:Núcleo]]
Categoria:Núcleo/Prataria - Uso,[[Categoria:Núcleo]]
Categoria:Núcleo/Prataria - Uso,[[Categoria:Núcleo]]
Categoria:Núcleo/Prataria - Uso,[[Categoria:Núcleo]]
Categoria:Núcleo/Prataria - Uso,[[Categoria:Núcleo]]
Categoria:Núcleo/Prataria - Uso,[[Categoria:Núcleo]]
Categoria:Núcleo/Prataria - Uso,[[Categoria:Núcleo]]
Categoria:Núcleo/Prataria - Uso,[[Categoria:Núcleo]]
Categoria:Núcleo/Prataria - Uso,[[Categoria:Núcleo]]
Categoria:Núcleo/Prataria - Uso,[[Categoria:Núcleo]]
Categoria:Núcleo/Prataria - Uso,[[Categoria:Núcleo]]
Categoria:Núcleo/Prataria - Uso,[[Categoria:Núcleo]]
Categoria:Núcleo/Prataria - Uso,[[Categoria:Núcleo]]
Categoria:Núcleo/Prataria - Uso,[[Categoria:Núcleo]]
Categoria:Núcleo/Prataria - Uso,[[Categoria:Núcleo]]
Categoria:Núcleo/Prataria - Uso,[[Categoria:Núcleo]]
Categoria:Núcleo/Prataria - Uso,[[Categoria:Núcleo]]
Categoria:Núcleo/Prataria - Uso,[[Categoria:Núcleo]]
Categoria:Núcleo/Prataria - Uso,[[Categoria:Núcleo]]
Categoria:Núcleo/Prataria - Uso,[[Categoria:Núcleo]]
Categoria:Núcleo/Prataria - Uso,[[Categoria:Núcleo]]
Categoria:Núcleo/Prataria - Uso,[[Categoria:Núcleo]]
Categoria:Núcleo/Prataria - Uso,[[Categoria:Núcleo]]
Categoria:Núcleo/Prataria - Uso,[[Categoria:Núcleo]]
Categoria:Núcleo/Prataria - Uso,[[Categoria:Núcleo]]
Categoria:Núcleo/Prataria - Uso,[[Categoria:Núcleo]]
Categoria:Núcleo/Prataria - Uso,[[Categoria:Núcleo]]
Categoria:Núcleo/Prataria - Uso,[[Categoria:Núcleo]]
Categoria:Núcleo/Prataria - Uso,[[Categoria:Núcleo]]
Categoria:Núcleo/Prataria - Uso,[[Categoria:Núcleo]]
Categoria:Núcleo/Prataria - Uso,[[Categoria:Núcleo]]
Categoria:Núcleo/Prataria - Exposição,[[Categoria:Núcleo]]
Categoria:Núcleo/Arte Brasileira - Século XX,[[Categoria:Núcleo]]
Categoria:Núcleo/Arte Brasileira - Século XX,[[Categoria:Núcleo]]
Categoria:Núcleo/Arte Brasileira - Século XX,[[Categoria:Núcleo]]
Categoria:Núcleo/Núcleo desconhecido,[[Categoria:Núcleo]]
Categoria:Núcleo/Núcleo desconhecido,[[Categoria:Núcleo]]
Categoria:Núcleo/Prataria - Uso,[[Categoria:Núcleo]]
Categoria:Núcleo/Moda,[[Categoria:Núcleo]]
Categoria:Núcleo/Moda,[[Categoria:Núcleo]]
Categoria:Núcleo/Moda,[[Categoria:Núcleo]]
Categoria:Núcleo/Arte Pré-Colombiana,[[Categoria:Núcleo]]
Categoria:Núcleo/Moda,[[Categoria:Núcleo]]
Categoria:Núcleo/Núcleo desconhecido,[[Categoria:Núcleo]]
Categoria:Núcleo/Núcleo desconhecido,[[Categoria:Núcleo]]
Categoria:Núcleo/Arte Oriental,[[Categoria:Núcleo]]
Categoria:Núcleo/Arte Oriental,[[Categoria:Núcleo]]
Categoria:Núcleo/Mobiliário Brasileiro,[[Categoria:Núcleo]]
Categoria:Núcleo/Arte Brasileira - Século XVIII e XIX,[[Categoria:Núcleo]]
Categoria:Núcleo/Mobiliário Brasileiro,[[Categoria:Núcleo]]
Categoria:Núcleo/Núcleo desconhecido,[[Categoria:Núcleo]]
Categoria:Núcleo/Prataria - Uso,[[Categoria:Núcleo]]
Categoria:Núcleo/Prataria - Uso,[[Categoria:Núcleo]]
Categoria:Núcleo/Prataria - Uso,[[Categoria:Núcleo]]
Categoria:Núcleo/Prataria - Uso,[[Categoria:Núcleo]]
Categoria:Núcleo/Prataria - Exposição,[[Categoria:Núcleo]]
Categoria:Núcleo/Prataria - Uso,[[Categoria:Núcleo]]
Categoria:Núcleo/Prataria - Uso,[[Categoria:Núcleo]]
Categoria:Núcleo/Mobiliário Brasileiro,[[Categoria:Núcleo]]
Categoria:Núcleo/Prataria - Uso,[[Categoria:Núcleo]]
Categoria:Núcleo/Núcleo desconhecido,[[Categoria:Núcleo]]
Categoria:Núcleo/Prataria - Uso,[[Categoria:Núcleo]]
Categoria:Núcleo/Prataria - Exposição,[[Categoria:Núcleo]]
Categoria:Núcleo/Prataria - Uso,[[Categoria:Núcleo]]
Categoria:Núcleo/Prataria - Exposição,[[Categoria:Núcleo]]
Categoria:Núcleo/Prataria - Uso,[[Categoria:Núcleo]]
Categoria:Núcleo/Núcleo desconhecido,[[Categoria:Núcleo]]
Categoria:Núcleo/Prataria - Uso,[[Categoria:Núcleo]]
Categoria:Núcleo/Prataria - Uso,[[Categoria:Núcleo]]
Categoria:Núcleo/Prataria - Uso,[[Categoria:Núcleo]]
Categoria:Núcleo/Prataria - Uso,[[Categoria:Núcleo]]
Categoria:Núcleo/Prataria - Uso,[[Categoria:Núcleo]]
Categoria:Núcleo/Prataria - Uso,[[Categoria:Núcleo]]
Categoria:Núcleo/Prataria - Uso,[[Categoria:Núcleo]]
Categoria:Núcleo/Prataria - Uso,[[Categoria:Núcleo]]
Categoria:Núcleo/Prataria - Uso,[[Categoria:Núcleo]]
Categoria:Núcleo/Prataria - Uso,[[Categoria:Núcleo]]
Categoria:Núcleo/Prataria - Uso,[[Categoria:Núcleo]]
Categoria:Núcleo/Prataria - Uso,[[Categoria:Núcleo]]
Categoria:Núcleo/Núcleo desconhecido,[[Categoria:Núcleo]]
Categoria:Núcleo/Arte Brasileira - Século XVIII e XIX,[[Categoria:Núcleo]]
Categoria:Núcleo/Prataria - Uso,[[Categoria:Núcleo]]
Categoria:Núcleo/Prataria - Uso,[[Categoria:Núcleo]]
Categoria:Núcleo/Prataria - Uso,[[Categoria:Núcleo]]
Categoria:Núcleo/Prataria - Uso,[[Categoria:Núcleo]]
Categoria:Núcleo/Prataria - Uso,[[Categoria:Núcleo]]
Categoria:Núcleo/Prataria - Uso,[[Categoria:Núcleo]]
Categoria:Núcleo/Prataria - Uso,[[Categoria:Núcleo]]
Categoria:Núcleo/Arte Pré-Colombiana,[[Categoria:Núcleo]]
Categoria:Núcleo/Prataria - Uso,[[Categoria:Núcleo]]
Categoria:Núcleo/Prataria - Uso,[[Categoria:Núcleo]]
Categoria:Núcleo/Prataria - Uso,[[Categoria:Núcleo]]
Categoria:Núcleo/Prataria - Uso,[[Categoria:Núcleo]]
Categoria:Núcleo/Prataria - Uso,[[Categoria:Núcleo]]
Categoria:Núcleo/Prataria - Uso,[[Categoria:Núcleo]]
Categoria:Núcleo/Prataria - Uso,[[Categoria:Núcleo]]
Categoria:Núcleo/Prataria - Exposição,[[Categoria:Núcleo]]
Categoria:Núcleo/Prataria - Exposição,[[Categoria:Núcleo]]
Categoria:Núcleo/Prataria - Exposição,[[Categoria:Núcleo]]
Categoria:Núcleo/Prataria - Uso,[[Categoria:Núcleo]]
Categoria:Núcleo/Prataria - Uso,[[Categoria:Núcleo]]
Categoria:Núcleo/Prataria - Uso,[[Categoria:Núcleo]]
Categoria:Núcleo/Prataria - Uso,[[Categoria:Núcleo]]
Categoria:Núcleo/Prataria - Uso,[[Categoria:Núcleo]]
Categoria:Núcleo/Prataria - Uso,[[Categoria:Núcleo]]
Categoria:Núcleo/Prataria - Uso,[[Categoria:Núcleo]]
Categoria:Núcleo/Prataria - Uso,[[Categoria:Núcleo]]
Categoria:Núcleo/Prataria - Uso,[[Categoria:Núcleo]]
Categoria:Núcleo/Prataria - Uso,[[Categoria:Núcleo]]
Categoria:Núcleo/Prataria - Uso,[[Categoria:Núcleo]]
Categoria:Núcleo/Prataria - Uso,[[Categoria:Núcleo]]
Categoria:Núcleo/Prataria - Uso,[[Categoria:Núcleo]]
Categoria:Núcleo/Prataria - Uso,[[Categoria:Núcleo]]
Categoria:Núcleo/Prataria - Uso,[[Categoria:Núcleo]]
Categoria:Núcleo/Prataria - Uso,[[Categoria:Núcleo]]
Categoria:Núcleo/Prataria - Uso,[[Categoria:Núcleo]]
Categoria:Núcleo/Prataria - Uso,[[Categoria:Núcleo]]
Categoria:Núcleo/Prataria - Uso,[[Categoria:Núcleo]]
Categoria:Núcleo/Prataria - Uso,[[Categoria:Núcleo]]
Categoria:Núcleo/Prataria - Uso,[[Categoria:Núcleo]]
Categoria:Núcleo/Prataria - Uso,[[Categoria:Núcleo]]
Categoria:Núcleo/Prataria - Uso,[[Categoria:Núcleo]]
Categoria:Núcleo/Prataria - Uso,[[Categoria:Núcleo]]
Categoria:Núcleo/Prataria - Uso,[[Categoria:Núcleo]]
Categoria:Núcleo/Prataria - Uso,[[Categoria:Núcleo]]
Categoria:Núcleo/Prataria - Uso,[[Categoria:Núcleo]]
Categoria:Núcleo/Prataria - Uso,[[Categoria:Núcleo]]
Categoria:Núcleo/Prataria - Uso,[[Categoria:Núcleo]]
Categoria:Núcleo/Prataria - Uso,[[Categoria:Núcleo]]
Categoria:Núcleo/Prataria - Uso,[[Categoria:Núcleo]]
Categoria:Núcleo/Prataria - Uso,[[Categoria:Núcleo]]
Categoria:Núcleo/Prataria - Uso,[[Categoria:Núcleo]]
Categoria:Núcleo/Prataria - Uso,[[Categoria:Núcleo]]
Categoria:Núcleo/Prataria - Uso,[[Categoria:Núcleo]]
Categoria:Núcleo/Prataria - Uso,[[Categoria:Núcleo]]
Categoria:Núcleo/Prataria - Uso,[[Categoria:Núcleo]]
Categoria:Núcleo/Prataria - Uso,[[Categoria:Núcleo]]
Categoria:Núcleo/Prataria - Uso,[[Categoria:Núcleo]]
Categoria:Núcleo/Prataria - Uso,[[Categoria:Núcleo]]
Categoria:Núcleo/Prataria - Uso,[[Categoria:Núcleo]]
Categoria:Núcleo/Prataria - Uso,[[Categoria:Núcleo]]
Categoria:Núcleo/Prataria - Uso,[[Categoria:Núcleo]]
Categoria:Núcleo/Prataria - Uso,[[Categoria:Núcleo]]
Categoria:Núcleo/Prataria - Uso,[[Categoria:Núcleo]]
Categoria:Núcleo/Prataria - Uso,[[Categoria:Núcleo]]
Categoria:Núcleo/Prataria - Uso,[[Categoria:Núcleo]]
Categoria:Núcleo/Prataria - Uso,[[Categoria:Núcleo]]
Categoria:Núcleo/Prataria - Uso,[[Categoria:Núcleo]]
Categoria:Núcleo/Prataria - Uso,[[Categoria:Núcleo]]
Categoria:Núcleo/Prataria - Uso,[[Categoria:Núcleo]]
Categoria:Núcleo/Prataria - Uso,[[Categoria:Núcleo]]
Categoria:Núcleo/Prataria - Uso,[[Categoria:Núcleo]]
Categoria:Núcleo/Prataria - Uso,[[Categoria:Núcleo]]
Categoria:Núcleo/Prataria - Uso,[[Categoria:Núcleo]]
Categoria:Núcleo/Prataria - Uso,[[Categoria:Núcleo]]
Categoria:Núcleo/Prataria - Uso,[[Categoria:Núcleo]]
Categoria:Núcleo/Prataria - Uso,[[Categoria:Núcleo]]
Categoria:Núcleo/Prataria - Uso,[[Categoria:Núcleo]]
Categoria:Núcleo/Prataria - Uso,[[Categoria:Núcleo]]
Categoria:Núcleo/Prataria - Uso,[[Categoria:Núcleo]]
Categoria:Núcleo/Prataria - Uso,[[Categoria:Núcleo]]
Categoria:Núcleo/Prataria - Uso,[[Categoria:Núcleo]]
Categoria:Núcleo/Prataria - Uso,[[Categoria:Núcleo]]
Categoria:Núcleo/Prataria - Uso,[[Categoria:Núcleo]]
Categoria:Núcleo/Prataria - Uso,[[Categoria:Núcleo]]
Categoria:Núcleo/Prataria - Uso,[[Categoria:Núcleo]]
Categoria:Núcleo/Prataria - Uso,[[Categoria:Núcleo]]
Categoria:Núcleo/Prataria - Uso,[[Categoria:Núcleo]]
Categoria:Núcleo/Prataria - Uso,[[Categoria:Núcleo]]
Categoria:Núcleo/Prataria - Uso,[[Categoria:Núcleo]]
Categoria:Núcleo/Prataria - Uso,[[Categoria:Núcleo]]
Categoria:Núcleo/Prataria - Uso,[[Categoria:Núcleo]]
Categoria:Núcleo/Prataria - Uso,[[Categoria:Núcleo]]
Categoria:Núcleo/Prataria - Uso,[[Categoria:Núcleo]]
Categoria:Núcleo/Prataria - Uso,[[Categoria:Núcleo]]
Categoria:Núcleo/Prataria - Uso,[[Categoria:Núcleo]]
Categoria:Núcleo/Prataria - Uso,[[Categoria:Núcleo]]
Categoria:Núcleo/Prataria - Uso,[[Categoria:Núcleo]]
Categoria:Núcleo/Prataria - Uso,[[Categoria:Núcleo]]
Categoria:Núcleo/Prataria - Uso,[[Categoria:Núcleo]]
Categoria:Núcleo/Prataria - Uso,[[Categoria:Núcleo]]
Categoria:Núcleo/Prataria - Uso,[[Categoria:Núcleo]]
Categoria:Núcleo/Prataria - Uso,[[Categoria:Núcleo]]
Categoria:Núcleo/Prataria - Uso,[[Categoria:Núcleo]]
Categoria:Núcleo/Prataria - Uso,[[Categoria:Núcleo]]
Categoria:Núcleo/Prataria - Uso,[[Categoria:Núcleo]]
Categoria:Núcleo/Prataria - Uso,[[Categoria:Núcleo]]
Categoria:Núcleo/Prataria - Uso,[[Categoria:Núcleo]]
Categoria:Núcleo/Núcleo desconhecido,[[Categoria:Núcleo]]
Categoria:Núcleo/Núcleo desconhecido,[[Categoria:Núcleo]]
Categoria:Núcleo/Núcleo desconhecido,[[Categoria:Núcleo]]
Categoria:Núcleo/Núcleo desconhecido,[[Categoria:Núcleo]]
Categoria:Núcleo/Núcleo desconhecido,[[Categoria:Núcleo]]
Categoria:Núcleo/Núcleo desconhecido,[[Categoria:Núcleo]]
Categoria:Núcleo/Núcleo desconhecido,[[Categoria:Núcleo]]
Categoria:Núcleo/Núcleo desconhecido,[[Categoria:Núcleo]]
Categoria:Núcleo/Núcleo desconhecido,[[Categoria:Núcleo]]
Categoria:Núcleo/Núcleo desconhecido,[[Categoria:Núcleo]]
Categoria:Núcleo/Núcleo desconhecido,[[Categoria:Núcleo]]
Categoria:Núcleo/Núcleo desconhecido,[[Categoria:Núcleo]]
Categoria:Núcleo/Núcleo desconhecido,[[Categoria:Núcleo]]
Categoria:Núcleo/Núcleo desconhecido,[[Categoria:Núcleo]]
Categoria:Núcleo/Núcleo desconhecido,[[Categoria:Núcleo]]
Categoria:Núcleo/Núcleo desconhecido,[[Categoria:Núcleo]]
Categoria:Núcleo/Núcleo desconhecido,[[Categoria:Núcleo]]
Categoria:Núcleo/Núcleo desconhecido,[[Categoria:Núcleo]]
Categoria:Núcleo/Núcleo desconhecido,[[Categoria:Núcleo]]
Categoria:Núcleo/Núcleo desconhecido,[[Categoria:Núcleo]]
Categoria:Núcleo/Núcleo desconhecido,[[Categoria:Núcleo]]
Categoria:Núcleo/Núcleo desconhecido,[[Categoria:Núcleo]]
Categoria:Núcleo/Núcleo desconhecido,[[Categoria:Núcleo]]
Categoria:Núcleo/Núcleo desconhecido,[[Categoria:Núcleo]]
Categoria:Núcleo/Núcleo desconhecido,[[Categoria:Núcleo]]
Categoria:Núcleo/Núcleo desconhecido,[[Categoria:Núcleo]]
Categoria:Núcleo/Núcleo desconhecido,[[Categoria:Núcleo]]
Categoria:Núcleo/Núcleo desconhecido,[[Categoria:Núcleo]]
Categoria:Núcleo/Núcleo desconhecido,[[Categoria:Núcleo]]
Categoria:Núcleo/Núcleo desconhecido,[[Categoria:Núcleo]]
Categoria:Núcleo/Núcleo desconhecido,[[Categoria:Núcleo]]
Categoria:Núcleo/Núcleo desconhecido,[[Categoria:Núcleo]]
Categoria:Núcleo/Núcleo desconhecido,[[Categoria:Núcleo]]
Categoria:Núcleo/Núcleo desconhecido,[[Categoria:Núcleo]]
Categoria:Núcleo/Núcleo desconhecido,[[Categoria:Núcleo]]
Categoria:Núcleo/Núcleo desconhecido,[[Categoria:Núcleo]]
Categoria:Núcleo/Núcleo desconhecido,[[Categoria:Núcleo]]
Categoria:Núcleo/Núcleo desconhecido,[[Categoria:Núcleo]]
Categoria:Núcleo/Núcleo desconhecido,[[Categoria:Núcleo]]
Categoria:Núcleo/Núcleo desconhecido,[[Categoria:Núcleo]]
Categoria:Núcleo/Núcleo desconhecido,[[Categoria:Núcleo]]
Categoria:Núcleo/Núcleo desconhecido,[[Categoria:Núcleo]]
Categoria:Núcleo/Núcleo desconhecido,[[Categoria:Núcleo]]
Categoria:Núcleo/Núcleo desconhecido,[[Categoria:Núcleo]]
Categoria:Núcleo/Núcleo desconhecido,[[Categoria:Núcleo]]
Categoria:Núcleo/Núcleo desconhecido,[[Categoria:Núcleo]]
Categoria:Núcleo/Núcleo desconhecido,[[Categoria:Núcleo]]
Categoria:Núcleo/Núcleo desconhecido,[[Categoria:Núcleo]]
Categoria:Núcleo/Núcleo desconhecido,[[Categoria:Núcleo]]
Categoria:Núcleo/Núcleo desconhecido,[[Categoria:Núcleo]]
Categoria:Núcleo/Núcleo desconhecido,[[Categoria:Núcleo]]
Categoria:Núcleo/Arte Oriental,[[Categoria:Núcleo]]
Categoria:Núcleo/Núcleo desconhecido,[[Categoria:Núcleo]]
Categoria:Núcleo/Núcleo desconhecido,[[Categoria:Núcleo]]
Categoria:Núcleo/Núcleo desconhecido,[[Categoria:Núcleo]]
Categoria:Núcleo/Núcleo desconhecido,[[Categoria:Núcleo]]
Categoria:Núcleo/Núcleo desconhecido,[[Categoria:Núcleo]]
Categoria:Núcleo/Núcleo desconhecido,[[Categoria:Núcleo]]
Categoria:Núcleo/Núcleo desconhecido,[[Categoria:Núcleo]]
Categoria:Núcleo/Núcleo desconhecido,[[Categoria:Núcleo]]
Categoria:Núcleo/Núcleo desconhecido,[[Categoria:Núcleo]]
Categoria:Núcleo/Núcleo desconhecido,[[Categoria:Núcleo]]
Categoria:Núcleo/Núcleo desconhecido,[[Categoria:Núcleo]]
Categoria:Núcleo/Núcleo desconhecido,[[Categoria:Núcleo]]
Categoria:Núcleo/Núcleo desconhecido,[[Categoria:Núcleo]]
Categoria:Núcleo/Núcleo desconhecido,[[Categoria:Núcleo]]
Categoria:Núcleo/Núcleo desconhecido,[[Categoria:Núcleo]]
Categoria:Núcleo/Núcleo desconhecido,[[Categoria:Núcleo]]
Categoria:Núcleo/Núcleo desconhecido,[[Categoria:Núcleo]]
Categoria:Núcleo/Núcleo desconhecido,[[Categoria:Núcleo]]
Categoria:Núcleo/Núcleo desconhecido,[[Categoria:Núcleo]]
Categoria:Núcleo/Núcleo desconhecido,[[Categoria:Núcleo]]
Categoria:Núcleo/Núcleo desconhecido,[[Categoria:Núcleo]]
Categoria:Núcleo/Núcleo desconhecido,[[Categoria:Núcleo]]
Categoria:Núcleo/Núcleo desconhecido,[[Categoria:Núcleo]]
Categoria:Núcleo/Núcleo desconhecido,[[Categoria:Núcleo]]
Categoria:Núcleo/Núcleo desconhecido,[[Categoria:Núcleo]]
Categoria:Núcleo/Núcleo desconhecido,[[Categoria:Núcleo]]
Categoria:Núcleo/Núcleo desconhecido,[[Categoria:Núcleo]]
Categoria:Núcleo/Núcleo desconhecido,[[Categoria:Núcleo]]
Categoria:Núcleo/Núcleo desconhecido,[[Categoria:Núcleo]]
Categoria:Núcleo/Prataria - Uso,[[Categoria:Núcleo]]
Categoria:Núcleo/Prataria - Uso,[[Categoria:Núcleo]]
Categoria:Núcleo/Prataria - Uso,[[Categoria:Núcleo]]
Categoria:Núcleo/Prataria - Uso,[[Categoria:Núcleo]]
Categoria:Núcleo/Prataria - Uso,[[Categoria:Núcleo]]
Categoria:Núcleo/Prataria - Uso,[[Categoria:Núcleo]]
Categoria:Núcleo/Prataria - Uso,[[Categoria:Núcleo]]
Categoria:Núcleo/Prataria - Uso,[[Categoria:Núcleo]]
Categoria:Núcleo/Prataria - Uso,[[Categoria:Núcleo]]
Categoria:Núcleo/Prataria - Uso,[[Categoria:Núcleo]]
Categoria:Núcleo/Prataria - Uso,[[Categoria:Núcleo]]
Categoria:Núcleo/Prataria - Uso,[[Categoria:Núcleo]]
Categoria:Núcleo/Prataria - Uso,[[Categoria:Núcleo]]
Categoria:Núcleo/Prataria - Uso,[[Categoria:Núcleo]]
Categoria:Núcleo/Prataria - Uso,[[Categoria:Núcleo]]
Categoria:Núcleo/Prataria - Uso,[[Categoria:Núcleo]]
Categoria:Núcleo/Prataria - Uso,[[Categoria:Núcleo]]
Categoria:Núcleo/Prataria - Uso,[[Categoria:Núcleo]]
Categoria:Núcleo/Prataria - Uso,[[Categoria:Núcleo]]
Categoria:Núcleo/Prataria - Uso,[[Categoria:Núcleo]]
Categoria:Núcleo/Prataria - Uso,[[Categoria:Núcleo]]
Categoria:Núcleo/Prataria - Uso,[[Categoria:Núcleo]]
Categoria:Núcleo/Prataria - Uso,[[Categoria:Núcleo]]
Categoria:Núcleo/Prataria - Uso,[[Categoria:Núcleo]]
Categoria:Núcleo/Prataria - Uso,[[Categoria:Núcleo]]
Categoria:Núcleo/Prataria - Uso,[[Categoria:Núcleo]]
Categoria:Núcleo/Prataria - Uso,[[Categoria:Núcleo]]
Categoria:Núcleo/Prataria - Uso,[[Categoria:Núcleo]]
Categoria:Núcleo/Prataria - Uso,[[Categoria:Núcleo]]
Categoria:Núcleo/Prataria - Uso,[[Categoria:Núcleo]]
Categoria:Núcleo/Prataria - Uso,[[Categoria:Núcleo]]
Categoria:Núcleo/Prataria - Uso,[[Categoria:Núcleo]]
Categoria:Núcleo/Prataria - Uso,[[Categoria:Núcleo]]
Categoria:Núcleo/Prataria - Uso,[[Categoria:Núcleo]]
Categoria:Núcleo/Prataria - Uso,[[Categoria:Núcleo]]
Categoria:Núcleo/Prataria - Uso,[[Categoria:Núcleo]]
Categoria:Núcleo/Prataria - Uso,[[Categoria:Núcleo]]
Categoria:Núcleo/Prataria - Uso,[[Categoria:Núcleo]]
Categoria:Núcleo/Prataria - Uso,[[Categoria:Núcleo]]
Categoria:Núcleo/Prataria - Uso,[[Categoria:Núcleo]]
Categoria:Núcleo/Prataria - Uso,[[Categoria:Núcleo]]
Categoria:Núcleo/Prataria - Uso,[[Categoria:Núcleo]]
Categoria:Núcleo/Prataria - Uso,[[Categoria:Núcleo]]
Categoria:Núcleo/Prataria - Uso,[[Categoria:Núcleo]]
Categoria:Núcleo/Prataria - Uso,[[Categoria:Núcleo]]
Categoria:Núcleo/Prataria - Uso,[[Categoria:Núcleo]]
Categoria:Núcleo/Prataria - Uso,[[Categoria:Núcleo]]
Categoria:Núcleo/Prataria - Uso,[[Categoria:Núcleo]]
Categoria:Núcleo/Prataria - Uso,[[Categoria:Núcleo]]
Categoria:Núcleo/Prataria - Uso,[[Categoria:Núcleo]]
Categoria:Núcleo/Núcleo desconhecido,[[Categoria:Núcleo]]
Categoria:Núcleo/Mobiliário Brasileiro,[[Categoria:Núcleo]]
Categoria:Núcleo/Pintura Européia - Francesa (Século XVIII e XX),[[Categoria:Núcleo]]
Categoria:Núcleo/Núcleo desconhecido,[[Categoria:Núcleo]]
Categoria:Núcleo/Núcleo desconhecido,[[Categoria:Núcleo]]
Categoria:Núcleo/Núcleo desconhecido,[[Categoria:Núcleo]]
Categoria:Núcleo/Núcleo desconhecido,[[Categoria:Núcleo]]
Categoria:Núcleo/Núcleo desconhecido,[[Categoria:Núcleo]]
Categoria:Núcleo/Núcleo desconhecido,[[Categoria:Núcleo]]
Categoria:Núcleo/Prataria - Uso,[[Categoria:Núcleo]]
Categoria:Núcleo/Prataria - Uso,[[Categoria:Núcleo]]
Categoria:Núcleo/Prataria - Uso,[[Categoria:Núcleo]]
Categoria:Núcleo/Prataria - Uso,[[Categoria:Núcleo]]
Categoria:Núcleo/Prataria - Uso,[[Categoria:Núcleo]]
Categoria:Núcleo/Prataria - Uso,[[Categoria:Núcleo]]
Categoria:Núcleo/Prataria - Uso,[[Categoria:Núcleo]]
Categoria:Núcleo/Prataria - Uso,[[Categoria:Núcleo]]
Categoria:Núcleo/Prataria - Uso,[[Categoria:Núcleo]]
Categoria:Núcleo/Prataria - Uso,[[Categoria:Núcleo]]
Categoria:Núcleo/Núcleo desconhecido,[[Categoria:Núcleo]]
Categoria:Núcleo/Núcleo desconhecido,[[Categoria:Núcleo]]
Categoria:Núcleo/Núcleo desconhecido,[[Categoria:Núcleo]]
Categoria:Núcleo/Núcleo desconhecido,[[Categoria:Núcleo]]
Categoria:Núcleo/Núcleo desconhecido,[[Categoria:Núcleo]]
Categoria:Núcleo/Núcleo desconhecido,[[Categoria:Núcleo]]
Categoria:Núcleo/Núcleo desconhecido,[[Categoria:Núcleo]]
Categoria:Núcleo/Núcleo desconhecido,[[Categoria:Núcleo]]
Categoria:Núcleo/Arte Oriental,[[Categoria:Núcleo]]
Categoria:Núcleo/Arte Oriental,[[Categoria:Núcleo]]
Categoria:Núcleo/Arte Oriental,[[Categoria:Núcleo]]
Categoria:Núcleo/Moda,[[Categoria:Núcleo]]
Categoria:Núcleo/Moda,[[Categoria:Núcleo]]
Categoria:Núcleo/Moda,[[Categoria:Núcleo]]
Categoria:Núcleo/Moda,[[Categoria:Núcleo]]
Categoria:Núcleo/Moda,[[Categoria:Núcleo]]
Categoria:Núcleo/Moda,[[Categoria:Núcleo]]
Categoria:Núcleo/Moda,[[Categoria:Núcleo]]
Categoria:Núcleo/Moda,[[Categoria:Núcleo]]
Categoria:Núcleo/Moda,[[Categoria:Núcleo]]
Categoria:Núcleo/Moda,[[Categoria:Núcleo]]
Categoria:Núcleo/Moda,[[Categoria:Núcleo]]
Categoria:Núcleo/Moda,[[Categoria:Núcleo]]
Categoria:Núcleo/Moda,[[Categoria:Núcleo]]
Categoria:Núcleo/Moda,[[Categoria:Núcleo]]
Categoria:Núcleo/Moda,[[Categoria:Núcleo]]
Categoria:Núcleo/Moda,[[Categoria:Núcleo]]
Categoria:Núcleo/Moda,[[Categoria:Núcleo]]
Categoria:Núcleo/Moda,[[Categoria:Núcleo]]
Categoria:Núcleo/Moda,[[Categoria:Núcleo]]
Categoria:Núcleo/Moda,[[Categoria:Núcleo]]
Categoria:Núcleo/Moda,[[Categoria:Núcleo]]
Categoria:Núcleo/Moda,[[Categoria:Núcleo]]
Categoria:Núcleo/Moda,[[Categoria:Núcleo]]
Categoria:Núcleo/Moda,[[Categoria:Núcleo]]
Categoria:Núcleo/Moda,[[Categoria:Núcleo]]
Categoria:Núcleo/Moda,[[Categoria:Núcleo]]
Categoria:Núcleo/Moda,[[Categoria:Núcleo]]
Categoria:Núcleo/Moda,[[Categoria:Núcleo]]
Categoria:Núcleo/Moda,[[Categoria:Núcleo]]
Categoria:Núcleo/Moda,[[Categoria:Núcleo]]
Categoria:Núcleo/Moda,[[Categoria:Núcleo]]
Categoria:Núcleo/Moda,[[Categoria:Núcleo]]
Categoria:Núcleo/Núcleo desconhecido,[[Categoria:Núcleo]]
Categoria:Núcleo/Núcleo desconhecido,[[Categoria:Núcleo]]
Categoria:Núcleo/Núcleo desconhecido,[[Categoria:Núcleo]]
Categoria:Núcleo/Núcleo desconhecido,[[Categoria:Núcleo]]
Categoria:Núcleo/Núcleo desconhecido,[[Categoria:Núcleo]]
Categoria:Núcleo/Núcleo desconhecido,[[Categoria:Núcleo]]
Categoria:Núcleo/Núcleo desconhecido,[[Categoria:Núcleo]]
Categoria:Núcleo/Núcleo desconhecido,[[Categoria:Núcleo]]
Categoria:Núcleo/Núcleo desconhecido,[[Categoria:Núcleo]]
Categoria:Núcleo/Núcleo desconhecido,[[Categoria:Núcleo]]
Categoria:Núcleo/Núcleo desconhecido,[[Categoria:Núcleo]]
Categoria:Núcleo/Núcleo desconhecido,[[Categoria:Núcleo]]
Categoria:Núcleo/Núcleo desconhecido,[[Categoria:Núcleo]]
Categoria:Núcleo/Arte Oriental,[[Categoria:Núcleo]]
Categoria:Núcleo/Núcleo desconhecido,[[Categoria:Núcleo]]
Categoria:Núcleo/Núcleo desconhecido,[[Categoria:Núcleo]]
Categoria:Núcleo/Núcleo desconhecido,[[Categoria:Núcleo]]
Categoria:Núcleo/Núcleo desconhecido,[[Categoria:Núcleo]]
Categoria:Núcleo/Núcleo desconhecido,[[Categoria:Núcleo]]
Categoria:Núcleo/Núcleo desconhecido,[[Categoria:Núcleo]]
Categoria:Núcleo/Prataria - Uso,[[Categoria:Núcleo]]
Categoria:Núcleo/Núcleo desconhecido,[[Categoria:Núcleo]]
Categoria:Núcleo/Núcleo desconhecido,[[Categoria:Núcleo]]
Categoria:Núcleo/Núcleo desconhecido,[[Categoria:Núcleo]]
Categoria:Núcleo/Núcleo desconhecido,[[Categoria:Núcleo]]
Categoria:Núcleo/Núcleo desconhecido,[[Categoria:Núcleo]]
Categoria:Núcleo/Núcleo desconhecido,[[Categoria:Núcleo]]
Categoria:Núcleo/Núcleo desconhecido,[[Categoria:Núcleo]]
Categoria:Núcleo/Núcleo desconhecido,[[Categoria:Núcleo]]
Categoria:Núcleo/Núcleo desconhecido,[[Categoria:Núcleo]]
Categoria:Núcleo/Núcleo desconhecido,[[Categoria:Núcleo]]
Categoria:Núcleo/Núcleo desconhecido,[[Categoria:Núcleo]]
Categoria:Núcleo/Núcleo desconhecido,[[Categoria:Núcleo]]
Categoria:Núcleo/Núcleo desconhecido,[[Categoria:Núcleo]]
Categoria:Núcleo/Núcleo desconhecido,[[Categoria:Núcleo]]
Categoria:Núcleo/Núcleo desconhecido,[[Categoria:Núcleo]]
Categoria:Núcleo/Núcleo desconhecido,[[Categoria:Núcleo]]
Categoria:Núcleo/Núcleo desconhecido,[[Categoria:Núcleo]]
Categoria:Núcleo/Núcleo desconhecido,[[Categoria:Núcleo]]
Categoria:Núcleo/Núcleo desconhecido,[[Categoria:Núcleo]]
Categoria:Núcleo/Arte Brasileira - Século XX,[[Categoria:Núcleo]]
Categoria:Núcleo/Arte Brasileira - Século XX,[[Categoria:Núcleo]]
